case_id	group	token_count	complete	rubric_pass	final_pass
scene:vision-v4:docci/test_03027/scene	photo_summary	44	True	True	True
scene:vision-v4:docci/test_03027/fact1	photo_fact	81	True	True	True
scene:vision-v4:docci/test_03027/fact2	photo_fact	18	True	True	True
scene:vision-v4:docci/test_01831/scene	photo_summary	42	True	True	True
scene:vision-v4:docci/test_01831/fact1	photo_fact	22	True	False	False
scene:vision-v4:docci/test_01831/fact2	photo_fact	82	True	True	True
scene:vision-v4:docci/test_01539/scene	photo_summary	56	True	False	False
scene:vision-v4:docci/test_01539/fact1	photo_fact	22	True	True	True
scene:vision-v4:docci/test_01539/fact2	photo_fact	13	True	True	True
scene:vision-v4:docci/test_01206/scene	photo_summary	47	True	True	True
scene:vision-v4:docci/test_01206/fact1	photo_fact	9	True	True	True
scene:vision-v4:docci/test_01206/fact2	photo_fact	146	True	False	False
scene:vision-v4:docci/test_02690/scene	photo_summary	54	True	True	True
scene:vision-v4:docci/test_02690/fact1	photo_fact	175	True	True	True
scene:vision-v4:docci/test_02690/fact2	photo_fact	99	True	True	True
scene:vision-v4:docci/test_02093/scene	photo_summary	52	True	True	True
scene:vision-v4:docci/test_02093/fact1	photo_fact	107	True	False	False
scene:vision-v4:docci/test_02093/fact2	photo_fact	55	True	True	True
scene:vision-v4:docci/test_04253/scene	photo_summary	51	True	False	False
scene:vision-v4:docci/test_04253/fact1	photo_fact	56	True	True	True
scene:vision-v4:docci/test_04253/fact2	photo_fact	112	True	False	False
scene:vision-v4:docci/test_02153/scene	photo_summary	36	True	True	True
scene:vision-v4:docci/test_02153/fact1	photo_fact	65	True	False	False
scene:vision-v4:docci/test_02153/fact2	photo_fact	70	True	True	True
scene:vision-v4:docci/test_00352/scene	photo_summary	75	True	False	False
scene:vision-v4:docci/test_00352/fact1	photo_fact	82	True	False	False
scene:vision-v4:docci/test_00352/fact2	photo_fact	166	True	False	False
scene:vision-v4:docci/test_01029/scene	photo_summary	32	True	True	True
scene:vision-v4:docci/test_01029/fact1	photo_fact	22	True	True	True
scene:vision-v4:docci/test_01029/fact2	photo_fact	17	True	True	True
scene:vision-v4:docci/test_00674/scene	photo_summary	67	True	False	False
scene:vision-v4:docci/test_00674/fact1	photo_fact	11	True	True	True
scene:vision-v4:docci/test_00674/fact2	photo_fact	99	True	False	False
scene:vision-v4:docci/test_02399/scene	photo_summary	53	True	False	False
scene:vision-v4:docci/test_02399/fact1	photo_fact	42	True	False	False
scene:vision-v4:docci/test_02399/fact2	photo_fact	110	True	True	True
scene:vision-v4:docci/test_04924/scene	photo_summary	48	True	False	False
scene:vision-v4:docci/test_04924/fact1	photo_fact	57	True	True	True
scene:vision-v4:docci/test_04924/fact2	photo_fact	16	True	True	True
scene:vision-v4:docci/test_01602/scene	photo_summary	48	True	False	False
scene:vision-v4:docci/test_01602/fact1	photo_fact	76	True	False	False
scene:vision-v4:docci/test_01602/fact2	photo_fact	68	True	True	True
scene:vision-v4:docci/test_01610/scene	photo_summary	35	True	True	True
scene:vision-v4:docci/test_01610/fact1	photo_fact	8	True	True	True
scene:vision-v4:docci/test_01610/fact2	photo_fact	121	True	True	True
scene:vision-v4:docci/test_02794/scene	photo_summary	33	True	True	True
scene:vision-v4:docci/test_02794/fact1	photo_fact	148	True	False	False
scene:vision-v4:docci/test_02794/fact2	photo_fact	95	True	False	False
scene:vision-v4:docci/test_01402/scene	photo_summary	36	True	True	True
scene:vision-v4:docci/test_01402/fact1	photo_fact	146	True	True	True
scene:vision-v4:docci/test_01402/fact2	photo_fact	15	True	True	True
scene:vision-v4:docci/test_03736/scene	photo_summary	32	True	True	True
scene:vision-v4:docci/test_03736/fact1	photo_fact	203	True	False	False
scene:vision-v4:docci/test_03736/fact2	photo_fact	134	True	False	False
scene:vision-v4:docci/test_04300/scene	photo_summary	27	True	True	True
scene:vision-v4:docci/test_04300/fact1	photo_fact	172	True	True	True
scene:vision-v4:docci/test_04300/fact2	photo_fact	69	True	True	True
scene:vision-v4:docci/test_00708/scene	photo_summary	48	True	False	False
scene:vision-v4:docci/test_00708/fact1	photo_fact	122	True	False	False
scene:vision-v4:docci/test_00708/fact2	photo_fact	52	True	True	True
scene:vision-v4:docci/test_04560/scene	photo_summary	58	True	False	False
scene:vision-v4:docci/test_04560/fact1	photo_fact	11	True	True	True
scene:vision-v4:docci/test_04560/fact2	photo_fact	44	True	True	True
scene:vision-v4:docci/test_00800/scene	photo_summary	37	True	True	True
scene:vision-v4:docci/test_00800/fact1	photo_fact	12	True	True	True
scene:vision-v4:docci/test_00800/fact2	photo_fact	151	True	False	False
scene:vision-v4:docci/test_01312/scene	photo_summary	66	True	False	False
scene:vision-v4:docci/test_01312/fact1	photo_fact	19	True	True	True
scene:vision-v4:docci/test_01312/fact2	photo_fact	127	True	False	False
scene:vision-v4:docci/test_00224/scene	photo_summary	63	True	False	False
scene:vision-v4:docci/test_00224/fact1	photo_fact	128	True	False	False
scene:vision-v4:docci/test_00224/fact2	photo_fact	11	True	True	True
scene:vision-v4:docci/test_01984/scene	photo_summary	43	True	True	True
scene:vision-v4:docci/test_01984/fact1	photo_fact	117	True	True	True
scene:vision-v4:docci/test_01984/fact2	photo_fact	158	True	False	False
scene:vision-v4:docci/test_01283/scene	photo_summary	37	True	True	True
scene:vision-v4:docci/test_01283/fact1	photo_fact	11	True	True	True
scene:vision-v4:docci/test_01283/fact2	photo_fact	10	True	True	True
scene:vision-v4:docci/test_01998/scene	photo_summary	37	True	False	False
scene:vision-v4:docci/test_01998/fact1	photo_fact	75	True	True	True
scene:vision-v4:docci/test_01998/fact2	photo_fact	66	True	True	True
scene:vision-v4:docci/test_03472/scene	photo_summary	39	True	True	True
scene:vision-v4:docci/test_03472/fact1	photo_fact	72	True	True	True
scene:vision-v4:docci/test_03472/fact2	photo_fact	77	True	True	True
scene:vision-v4:docci/test_04352/scene	photo_summary	57	True	True	True
scene:vision-v4:docci/test_04352/fact1	photo_fact	163	True	False	False
scene:vision-v4:docci/test_04352/fact2	photo_fact	17	True	True	True
scene:vision-v4:docci/test_03978/scene	photo_summary	43	True	True	True
scene:vision-v4:docci/test_03978/fact1	photo_fact	15	True	True	True
scene:vision-v4:docci/test_03978/fact2	photo_fact	18	True	True	True
scene:vision-v4:docci/test_00977/scene	photo_summary	47	True	False	False
scene:vision-v4:docci/test_00977/fact1	photo_fact	93	True	True	True
scene:vision-v4:docci/test_00977/fact2	photo_fact	18	True	True	True
scene:vision-v4:docci/test_00962/scene	photo_summary	44	True	True	True
scene:vision-v4:docci/test_00962/fact1	photo_fact	18	True	True	True
scene:vision-v4:docci/test_00962/fact2	photo_fact	17	True	True	True
scene:vision-v4:docci/test_03163/scene	photo_summary	54	True	True	True
scene:vision-v4:docci/test_03163/fact1	photo_fact	87	True	True	True
scene:vision-v4:docci/test_03163/fact2	photo_fact	66	True	True	True
scene:vision-v4:docci/test_03267/scene	photo_summary	36	True	True	True
scene:vision-v4:docci/test_03267/fact1	photo_fact	70	True	True	True
scene:vision-v4:docci/test_03267/fact2	photo_fact	87	True	True	True
scene:vision-v4:docci/test_01724/scene	photo_summary	48	True	True	True
scene:vision-v4:docci/test_01724/fact1	photo_fact	14	True	True	True
scene:vision-v4:docci/test_01724/fact2	photo_fact	82	True	True	True
scene:vision-v4:docci/test_04710/scene	photo_summary	48	True	True	True
scene:vision-v4:docci/test_04710/fact1	photo_fact	168	True	True	True
scene:vision-v4:docci/test_04710/fact2	photo_fact	8	True	True	True
scene:vision-v4:docci/train_05321/scene	photo_summary	40	True	True	True
scene:vision-v4:docci/train_05321/fact1	photo_fact	20	True	False	False
scene:vision-v4:docci/train_05321/fact2	photo_fact	38	True	True	True
scene:vision-v4:docci/test_02666/scene	photo_summary	310	True	False	False
scene:vision-v4:docci/test_02666/fact1	photo_fact	154	True	False	False
scene:vision-v4:docci/test_02666/fact2	photo_fact	123	True	False	False
scene:vision-v4:docci/test_04942/scene	photo_summary	24	True	True	True
scene:vision-v4:docci/test_04942/fact1	photo_fact	21	True	False	False
scene:vision-v4:docci/test_04942/fact2	photo_fact	20	True	True	True
scene:vision-v4:docci/train_08923/scene	photo_summary	37	True	False	False
scene:vision-v4:docci/train_08923/fact1	photo_fact	160	True	False	False
scene:vision-v4:docci/train_08923/fact2	photo_fact	260	True	True	True
scene:vision-v4:docci/train_03621/scene	photo_summary	149	True	False	False
scene:vision-v4:docci/train_03621/fact1	photo_fact	114	True	False	False
scene:vision-v4:docci/train_03621/fact2	photo_fact	119	True	True	True
scene:vision-v4:docci/train_09494/scene	photo_summary	172	True	False	False
scene:vision-v4:docci/train_09494/fact1	photo_fact	15	True	True	True
scene:vision-v4:docci/train_09494/fact2	photo_fact	98	True	True	True
chat:oasst2-6e3bb28b-9e67-41c1-bede-3e33f7dc7002-turn-1	text_chat	384	False	False	False
chat:oasst2-6e3bb28b-9e67-41c1-bede-3e33f7dc7002-turn-2	text_chat	384	False	False	False
chat:oasst2-0c913b90-5c29-4461-8e0a-e5d08ab14903-turn-1	text_chat	291	True	True	True
chat:oasst2-bc91c682-ef6c-4d17-84bd-51fd832599e8-turn-1	text_chat	384	False	False	False
chat:oasst2-ce1e4e9d-5d93-4e82-ad70-628f38b774ec-turn-1	text_chat	235	True	False	False
chat:oasst2-4587d7e7-c04c-4e5f-b444-96f8a4cd23b3-turn-1	text_chat	384	False	False	False
chat:oasst2-c31e0044-55a2-4305-887e-13df10bbba63-turn-1	text_chat	384	False	False	False
chat:oasst2-a38fe975-6389-453e-bfc1-216d59c02851-turn-1	text_chat	21	True	False	False
chat:oasst2-ffe632c6-94c4-42ce-a225-e6e3b1a19160-turn-1	text_chat	223	True	False	False
chat:oasst2-a1058bda-6260-40fe-8387-bea519a932c9-turn-1	text_chat	384	False	False	False
chat:oasst2-db7a29a4-5d4e-42eb-ae95-b5593de31b97-turn-1	text_chat	65	True	True	True
chat:oasst2-d6691de7-b5e0-4242-bed4-fbe9fe074a50-turn-1	text_chat	384	False	False	False
chat:oasst2-a4c61575-33e9-4cc2-8fe5-af8f56b77934-turn-1	text_chat	332	True	False	False
text_presence:ocr-v4:commons-193157372-chinese_presence-2	text_presence	2	True	True	True
ocr:ocr-v4:commons-193157372-ocr_transcription-3	single_ocr	5	True	True	True
text_presence:ocr-v4:commons-185922759-chinese_presence-4	text_presence	2	True	True	True
ocr:ocr-v4:commons-185922759-ocr_transcription-5	single_ocr	4	True	True	True
text_presence:ocr-v4:commons-153860428-chinese_presence-10	text_presence	2	True	True	True
ocr:ocr-v4:commons-153860428-ocr_transcription-11	single_ocr	4	True	True	True
text_presence:ocr-v4:commons-68456000-chinese_presence-12	text_presence	2	True	True	True
ocr:ocr-v4:commons-68456000-ocr_transcription-13	single_ocr	7	True	False	False
text_presence:ocr-v4:commons-146481810-chinese_presence-37	text_presence	2	True	True	True
ocr:ocr-v4:commons-146481810-ocr_transcription-38	single_ocr	5	True	True	True
text_presence:ocr-v4:commons-167297858-chinese_presence-52	text_presence	2	True	True	True
ocr:ocr-v4:commons-167297858-ocr_transcription-53	single_ocr	4	True	True	True
text_presence:ocr-v4:commons-191175875-chinese_presence-60	text_presence	2	True	True	True
ocr:ocr-v4:commons-191175875-ocr_transcription-61	single_ocr	4	True	True	True
text_presence:ocr-v4:commons-198548370-chinese_presence-67	text_presence	2	True	True	True
ocr:ocr-v4:commons-198548370-ocr_transcription-68	single_ocr	4	True	False	False
text_presence:ocr-v4:commons-185805554-chinese_presence-146	text_presence	2	True	True	True
ocr:ocr-v4:commons-185805554-ocr_transcription-147	single_ocr	3	True	True	True
text_presence:ocr-v4:commons-171412167-chinese_presence-191	text_presence	2	True	True	True
ocr:ocr-v4:commons-171412167-ocr_transcription-192	single_ocr	3	True	True	True
text_presence:ocr-v4:docci:test_01539-chinese_presence-1421	text_presence	2	True	True	True
text_presence:ocr-v4:docci:test_01206-chinese_presence-1422	text_presence	2	True	True	True
text_presence:ocr-v4:docci:test_01029-chinese_presence-1423	text_presence	2	True	True	True
text_presence:ocr-v4:docci:test_01610-chinese_presence-1424	text_presence	2	True	True	True
text_presence:ocr-v4:docci:test_02794-chinese_presence-1425	text_presence	2	True	True	True
text_presence:ocr-v4:docci:test_03736-chinese_presence-1426	text_presence	2	True	True	True
text_presence:ocr-v4:docci:test_04300-chinese_presence-1427	text_presence	2	True	True	True
text_presence:ocr-v4:docci:test_00800-chinese_presence-1428	text_presence	2	True	True	True
ocr_order:ocr-v4:commons-153860428-ordered-transcription-heldout	ordered_ocr	16	True	False	False
ocr_order:ocr-v4:commons-146481810-ordered-transcription-heldout	ordered_ocr	40	True	False	False
ocr_order:ocr-v4:commons-171412167-ordered-transcription-heldout	ordered_ocr	12	True	True	True
typed_chat:aishell1-v4-BAC009S0031W0414	voice_typed_reference_chat	27	True	True	True
speech_chat:aishell1-v4-BAC009S0031W0414	voice_actual_asr_chat	27	True	True	True
typed_chat:aishell1-v4-BAC009S0039W0471	voice_typed_reference_chat	54	True	False	False
speech_chat:aishell1-v4-BAC009S0039W0471	voice_actual_asr_chat	54	True	False	False
typed_chat:aishell1-v4-BAC009S0042W0480	voice_typed_reference_chat	27	True	False	False
speech_chat:aishell1-v4-BAC009S0042W0480	voice_actual_asr_chat	27	True	False	False
typed_chat:aishell1-v4-BAC009S0032W0151	voice_typed_reference_chat	90	True	True	True
speech_chat:aishell1-v4-BAC009S0032W0151	voice_actual_asr_chat	90	True	True	True
