branch,k,question_index,candidate_index,question,truth,parsed_final,correct,generated_token_count,generated_ids_sha256
direct,1,0,0,(0+3)+3=?,6,5,0,2,7fe2bb81bb475e069508bc901683d2d9b20a18ca76a65fa2ee1325807d93cc21
direct,1,1,0,(3+0)+3=?,6,7,0,2,ea8d5b60a178d380e12ffafaeb076aae94d932c6683f3d94742654159c4a9587
direct,1,2,0,(3+3)+0=?,6,7,0,2,ea8d5b60a178d380e12ffafaeb076aae94d932c6683f3d94742654159c4a9587
direct,1,3,0,(0+3)+5=?,8,10,0,3,ccdb9f262050c0edd5f5f6682648b41918a722c82b27fe88af25ad87c8e2d5cf
direct,1,4,0,(0+5)+3=?,8,9,0,2,c689a0f96a1bd3986c430649306e448d2fc00da9611895b4ec62052689bf0c33
direct,1,5,0,(3+0)+5=?,8,9,0,2,c689a0f96a1bd3986c430649306e448d2fc00da9611895b4ec62052689bf0c33
direct,1,6,0,(3+5)+0=?,8,9,0,2,c689a0f96a1bd3986c430649306e448d2fc00da9611895b4ec62052689bf0c33
direct,1,7,0,(5+0)+3=?,8,3,0,2,d1f0a2109d5292f0204a1a29887e1389fb7c09afa93b8453d9f3a3348c1f42b5
direct,1,8,0,(5+3)+0=?,8,5,0,2,7fe2bb81bb475e069508bc901683d2d9b20a18ca76a65fa2ee1325807d93cc21
direct,1,9,0,(3+3)+4=?,10,11,0,3,c3e73d7f3140edf7e9485deecd84599b9304faa49619ec0dffa4e7ae7153ce78
direct,1,10,0,(3+4)+3=?,10,11,0,3,c3e73d7f3140edf7e9485deecd84599b9304faa49619ec0dffa4e7ae7153ce78
direct,1,11,0,(4+3)+3=?,10,9,0,2,c689a0f96a1bd3986c430649306e448d2fc00da9611895b4ec62052689bf0c33
direct,1,12,0,(0+0)+1=?,1,2,0,2,fd0660a59d0bf0cf5d8759bbe12cf5ad70b58c094442f280f8fa512c484dc915
direct,1,13,0,(0+1)+0=?,1,2,0,2,fd0660a59d0bf0cf5d8759bbe12cf5ad70b58c094442f280f8fa512c484dc915
direct,1,14,0,(1+0)+0=?,1,2,0,2,fd0660a59d0bf0cf5d8759bbe12cf5ad70b58c094442f280f8fa512c484dc915
direct,1,15,0,(0+1)+2=?,3,4,0,2,616906fbbb49f71ef6791315e24b3e01159ccfb0f50ca4f9993e2bafffd90dbc
direct,1,16,0,(0+2)+1=?,3,4,0,2,616906fbbb49f71ef6791315e24b3e01159ccfb0f50ca4f9993e2bafffd90dbc
direct,1,17,0,(1+0)+2=?,3,2,0,2,fd0660a59d0bf0cf5d8759bbe12cf5ad70b58c094442f280f8fa512c484dc915
direct,1,18,0,(1+2)+0=?,3,2,0,2,fd0660a59d0bf0cf5d8759bbe12cf5ad70b58c094442f280f8fa512c484dc915
direct,1,19,0,(2+0)+1=?,3,4,0,2,616906fbbb49f71ef6791315e24b3e01159ccfb0f50ca4f9993e2bafffd90dbc
direct,1,20,0,(2+1)+0=?,3,2,0,2,fd0660a59d0bf0cf5d8759bbe12cf5ad70b58c094442f280f8fa512c484dc915
direct,1,21,0,(2+3)+3=?,8,8,1,2,525ce77aed5283d07c71e25d85dda1b3865448434c08019433184bddf4010ed8
direct,1,22,0,(3+2)+3=?,8,9,0,2,c689a0f96a1bd3986c430649306e448d2fc00da9611895b4ec62052689bf0c33
direct,1,23,0,(3+3)+2=?,8,9,0,2,c689a0f96a1bd3986c430649306e448d2fc00da9611895b4ec62052689bf0c33
direct,2,0,0,(0+3)+3=?,6,5,0,2,7fe2bb81bb475e069508bc901683d2d9b20a18ca76a65fa2ee1325807d93cc21
direct,2,0,1,(0+3)+3=?,6,5,0,2,7fe2bb81bb475e069508bc901683d2d9b20a18ca76a65fa2ee1325807d93cc21
direct,2,1,0,(3+0)+3=?,6,7,0,2,ea8d5b60a178d380e12ffafaeb076aae94d932c6683f3d94742654159c4a9587
direct,2,1,1,(3+0)+3=?,6,7,0,2,ea8d5b60a178d380e12ffafaeb076aae94d932c6683f3d94742654159c4a9587
direct,2,2,0,(3+3)+0=?,6,5,0,2,7fe2bb81bb475e069508bc901683d2d9b20a18ca76a65fa2ee1325807d93cc21
direct,2,2,1,(3+3)+0=?,6,7,0,2,ea8d5b60a178d380e12ffafaeb076aae94d932c6683f3d94742654159c4a9587
direct,2,3,0,(0+3)+5=?,8,9,0,2,c689a0f96a1bd3986c430649306e448d2fc00da9611895b4ec62052689bf0c33
direct,2,3,1,(0+3)+5=?,8,9,0,2,c689a0f96a1bd3986c430649306e448d2fc00da9611895b4ec62052689bf0c33
direct,2,4,0,(0+5)+3=?,8,9,0,2,c689a0f96a1bd3986c430649306e448d2fc00da9611895b4ec62052689bf0c33
direct,2,4,1,(0+5)+3=?,8,9,0,2,c689a0f96a1bd3986c430649306e448d2fc00da9611895b4ec62052689bf0c33
direct,2,5,0,(3+0)+5=?,8,9,0,2,c689a0f96a1bd3986c430649306e448d2fc00da9611895b4ec62052689bf0c33
direct,2,5,1,(3+0)+5=?,8,9,0,2,c689a0f96a1bd3986c430649306e448d2fc00da9611895b4ec62052689bf0c33
direct,2,6,0,(3+5)+0=?,8,9,0,2,c689a0f96a1bd3986c430649306e448d2fc00da9611895b4ec62052689bf0c33
direct,2,6,1,(3+5)+0=?,8,9,0,2,c689a0f96a1bd3986c430649306e448d2fc00da9611895b4ec62052689bf0c33
direct,2,7,0,(5+0)+3=?,8,3,0,2,d1f0a2109d5292f0204a1a29887e1389fb7c09afa93b8453d9f3a3348c1f42b5
direct,2,7,1,(5+0)+3=?,8,5,0,2,7fe2bb81bb475e069508bc901683d2d9b20a18ca76a65fa2ee1325807d93cc21
direct,2,8,0,(5+3)+0=?,8,5,0,2,7fe2bb81bb475e069508bc901683d2d9b20a18ca76a65fa2ee1325807d93cc21
direct,2,8,1,(5+3)+0=?,8,5,0,2,7fe2bb81bb475e069508bc901683d2d9b20a18ca76a65fa2ee1325807d93cc21
direct,2,9,0,(3+3)+4=?,10,9,0,2,c689a0f96a1bd3986c430649306e448d2fc00da9611895b4ec62052689bf0c33
direct,2,9,1,(3+3)+4=?,10,9,0,2,c689a0f96a1bd3986c430649306e448d2fc00da9611895b4ec62052689bf0c33
direct,2,10,0,(3+4)+3=?,10,11,0,3,c3e73d7f3140edf7e9485deecd84599b9304faa49619ec0dffa4e7ae7153ce78
direct,2,10,1,(3+4)+3=?,10,11,0,3,c3e73d7f3140edf7e9485deecd84599b9304faa49619ec0dffa4e7ae7153ce78
direct,2,11,0,(4+3)+3=?,10,9,0,2,c689a0f96a1bd3986c430649306e448d2fc00da9611895b4ec62052689bf0c33
direct,2,11,1,(4+3)+3=?,10,9,0,2,c689a0f96a1bd3986c430649306e448d2fc00da9611895b4ec62052689bf0c33
direct,2,12,0,(0+0)+1=?,1,0,0,2,8cc6fc41d9919bd407958ea642a32bb9235eb260f5be7028fe718c406d565d35
direct,2,12,1,(0+0)+1=?,1,2,0,2,fd0660a59d0bf0cf5d8759bbe12cf5ad70b58c094442f280f8fa512c484dc915
direct,2,13,0,(0+1)+0=?,1,2,0,2,fd0660a59d0bf0cf5d8759bbe12cf5ad70b58c094442f280f8fa512c484dc915
direct,2,13,1,(0+1)+0=?,1,2,0,2,fd0660a59d0bf0cf5d8759bbe12cf5ad70b58c094442f280f8fa512c484dc915
direct,2,14,0,(1+0)+0=?,1,2,0,2,fd0660a59d0bf0cf5d8759bbe12cf5ad70b58c094442f280f8fa512c484dc915
direct,2,14,1,(1+0)+0=?,1,2,0,2,fd0660a59d0bf0cf5d8759bbe12cf5ad70b58c094442f280f8fa512c484dc915
direct,2,15,0,(0+1)+2=?,3,4,0,2,616906fbbb49f71ef6791315e24b3e01159ccfb0f50ca4f9993e2bafffd90dbc
direct,2,15,1,(0+1)+2=?,3,4,0,2,616906fbbb49f71ef6791315e24b3e01159ccfb0f50ca4f9993e2bafffd90dbc
direct,2,16,0,(0+2)+1=?,3,4,0,2,616906fbbb49f71ef6791315e24b3e01159ccfb0f50ca4f9993e2bafffd90dbc
direct,2,16,1,(0+2)+1=?,3,4,0,2,616906fbbb49f71ef6791315e24b3e01159ccfb0f50ca4f9993e2bafffd90dbc
direct,2,17,0,(1+0)+2=?,3,2,0,2,fd0660a59d0bf0cf5d8759bbe12cf5ad70b58c094442f280f8fa512c484dc915
direct,2,17,1,(1+0)+2=?,3,2,0,2,fd0660a59d0bf0cf5d8759bbe12cf5ad70b58c094442f280f8fa512c484dc915
direct,2,18,0,(1+2)+0=?,3,2,0,2,fd0660a59d0bf0cf5d8759bbe12cf5ad70b58c094442f280f8fa512c484dc915
direct,2,18,1,(1+2)+0=?,3,2,0,2,fd0660a59d0bf0cf5d8759bbe12cf5ad70b58c094442f280f8fa512c484dc915
direct,2,19,0,(2+0)+1=?,3,4,0,2,616906fbbb49f71ef6791315e24b3e01159ccfb0f50ca4f9993e2bafffd90dbc
direct,2,19,1,(2+0)+1=?,3,4,0,2,616906fbbb49f71ef6791315e24b3e01159ccfb0f50ca4f9993e2bafffd90dbc
direct,2,20,0,(2+1)+0=?,3,2,0,2,fd0660a59d0bf0cf5d8759bbe12cf5ad70b58c094442f280f8fa512c484dc915
direct,2,20,1,(2+1)+0=?,3,4,0,2,616906fbbb49f71ef6791315e24b3e01159ccfb0f50ca4f9993e2bafffd90dbc
direct,2,21,0,(2+3)+3=?,8,8,1,2,525ce77aed5283d07c71e25d85dda1b3865448434c08019433184bddf4010ed8
direct,2,21,1,(2+3)+3=?,8,8,1,2,525ce77aed5283d07c71e25d85dda1b3865448434c08019433184bddf4010ed8
direct,2,22,0,(3+2)+3=?,8,9,0,2,c689a0f96a1bd3986c430649306e448d2fc00da9611895b4ec62052689bf0c33
direct,2,22,1,(3+2)+3=?,8,9,0,2,c689a0f96a1bd3986c430649306e448d2fc00da9611895b4ec62052689bf0c33
direct,2,23,0,(3+3)+2=?,8,9,0,2,c689a0f96a1bd3986c430649306e448d2fc00da9611895b4ec62052689bf0c33
direct,2,23,1,(3+3)+2=?,8,9,0,2,c689a0f96a1bd3986c430649306e448d2fc00da9611895b4ec62052689bf0c33
direct,4,0,0,(0+3)+3=?,6,5,0,2,7fe2bb81bb475e069508bc901683d2d9b20a18ca76a65fa2ee1325807d93cc21
direct,4,0,1,(0+3)+3=?,6,5,0,2,7fe2bb81bb475e069508bc901683d2d9b20a18ca76a65fa2ee1325807d93cc21
direct,4,0,2,(0+3)+3=?,6,5,0,2,7fe2bb81bb475e069508bc901683d2d9b20a18ca76a65fa2ee1325807d93cc21
direct,4,0,3,(0+3)+3=?,6,5,0,2,7fe2bb81bb475e069508bc901683d2d9b20a18ca76a65fa2ee1325807d93cc21
direct,4,1,0,(3+0)+3=?,6,7,0,2,ea8d5b60a178d380e12ffafaeb076aae94d932c6683f3d94742654159c4a9587
direct,4,1,1,(3+0)+3=?,6,7,0,2,ea8d5b60a178d380e12ffafaeb076aae94d932c6683f3d94742654159c4a9587
direct,4,1,2,(3+0)+3=?,6,7,0,2,ea8d5b60a178d380e12ffafaeb076aae94d932c6683f3d94742654159c4a9587
direct,4,1,3,(3+0)+3=?,6,7,0,2,ea8d5b60a178d380e12ffafaeb076aae94d932c6683f3d94742654159c4a9587
direct,4,2,0,(3+3)+0=?,6,5,0,2,7fe2bb81bb475e069508bc901683d2d9b20a18ca76a65fa2ee1325807d93cc21
direct,4,2,1,(3+3)+0=?,6,7,0,2,ea8d5b60a178d380e12ffafaeb076aae94d932c6683f3d94742654159c4a9587
direct,4,2,2,(3+3)+0=?,6,5,0,2,7fe2bb81bb475e069508bc901683d2d9b20a18ca76a65fa2ee1325807d93cc21
direct,4,2,3,(3+3)+0=?,6,6,1,2,5d7ae08b0690fcd24b2e1b3937e8ab5a4a0c2107b3c48f2a929d3846c38b9f68
direct,4,3,0,(0+3)+5=?,8,10,0,3,ccdb9f262050c0edd5f5f6682648b41918a722c82b27fe88af25ad87c8e2d5cf
direct,4,3,1,(0+3)+5=?,8,9,0,2,c689a0f96a1bd3986c430649306e448d2fc00da9611895b4ec62052689bf0c33
direct,4,3,2,(0+3)+5=?,8,10,0,3,ccdb9f262050c0edd5f5f6682648b41918a722c82b27fe88af25ad87c8e2d5cf
direct,4,3,3,(0+3)+5=?,8,9,0,2,c689a0f96a1bd3986c430649306e448d2fc00da9611895b4ec62052689bf0c33
direct,4,4,0,(0+5)+3=?,8,9,0,2,c689a0f96a1bd3986c430649306e448d2fc00da9611895b4ec62052689bf0c33
direct,4,4,1,(0+5)+3=?,8,10,0,3,ccdb9f262050c0edd5f5f6682648b41918a722c82b27fe88af25ad87c8e2d5cf
direct,4,4,2,(0+5)+3=?,8,9,0,2,c689a0f96a1bd3986c430649306e448d2fc00da9611895b4ec62052689bf0c33
direct,4,4,3,(0+5)+3=?,8,5,0,2,7fe2bb81bb475e069508bc901683d2d9b20a18ca76a65fa2ee1325807d93cc21
direct,4,5,0,(3+0)+5=?,8,9,0,2,c689a0f96a1bd3986c430649306e448d2fc00da9611895b4ec62052689bf0c33
direct,4,5,1,(3+0)+5=?,8,9,0,2,c689a0f96a1bd3986c430649306e448d2fc00da9611895b4ec62052689bf0c33
direct,4,5,2,(3+0)+5=?,8,9,0,2,c689a0f96a1bd3986c430649306e448d2fc00da9611895b4ec62052689bf0c33
direct,4,5,3,(3+0)+5=?,8,9,0,2,c689a0f96a1bd3986c430649306e448d2fc00da9611895b4ec62052689bf0c33
direct,4,6,0,(3+5)+0=?,8,9,0,2,c689a0f96a1bd3986c430649306e448d2fc00da9611895b4ec62052689bf0c33
direct,4,6,1,(3+5)+0=?,8,9,0,2,c689a0f96a1bd3986c430649306e448d2fc00da9611895b4ec62052689bf0c33
direct,4,6,2,(3+5)+0=?,8,9,0,2,c689a0f96a1bd3986c430649306e448d2fc00da9611895b4ec62052689bf0c33
direct,4,6,3,(3+5)+0=?,8,9,0,2,c689a0f96a1bd3986c430649306e448d2fc00da9611895b4ec62052689bf0c33
direct,4,7,0,(5+0)+3=?,8,9,0,2,c689a0f96a1bd3986c430649306e448d2fc00da9611895b4ec62052689bf0c33
direct,4,7,1,(5+0)+3=?,8,9,0,2,c689a0f96a1bd3986c430649306e448d2fc00da9611895b4ec62052689bf0c33
direct,4,7,2,(5+0)+3=?,8,10,0,3,ccdb9f262050c0edd5f5f6682648b41918a722c82b27fe88af25ad87c8e2d5cf
direct,4,7,3,(5+0)+3=?,8,5,0,2,7fe2bb81bb475e069508bc901683d2d9b20a18ca76a65fa2ee1325807d93cc21
direct,4,8,0,(5+3)+0=?,8,5,0,2,7fe2bb81bb475e069508bc901683d2d9b20a18ca76a65fa2ee1325807d93cc21
direct,4,8,1,(5+3)+0=?,8,3,0,2,d1f0a2109d5292f0204a1a29887e1389fb7c09afa93b8453d9f3a3348c1f42b5
direct,4,8,2,(5+3)+0=?,8,5,0,2,7fe2bb81bb475e069508bc901683d2d9b20a18ca76a65fa2ee1325807d93cc21
direct,4,8,3,(5+3)+0=?,8,9,0,2,c689a0f96a1bd3986c430649306e448d2fc00da9611895b4ec62052689bf0c33
direct,4,9,0,(3+3)+4=?,10,9,0,2,c689a0f96a1bd3986c430649306e448d2fc00da9611895b4ec62052689bf0c33
direct,4,9,1,(3+3)+4=?,10,9,0,2,c689a0f96a1bd3986c430649306e448d2fc00da9611895b4ec62052689bf0c33
direct,4,9,2,(3+3)+4=?,10,11,0,3,c3e73d7f3140edf7e9485deecd84599b9304faa49619ec0dffa4e7ae7153ce78
direct,4,9,3,(3+3)+4=?,10,9,0,2,c689a0f96a1bd3986c430649306e448d2fc00da9611895b4ec62052689bf0c33
direct,4,10,0,(3+4)+3=?,10,11,0,3,c3e73d7f3140edf7e9485deecd84599b9304faa49619ec0dffa4e7ae7153ce78
direct,4,10,1,(3+4)+3=?,10,11,0,3,c3e73d7f3140edf7e9485deecd84599b9304faa49619ec0dffa4e7ae7153ce78
direct,4,10,2,(3+4)+3=?,10,11,0,3,c3e73d7f3140edf7e9485deecd84599b9304faa49619ec0dffa4e7ae7153ce78
direct,4,10,3,(3+4)+3=?,10,11,0,3,c3e73d7f3140edf7e9485deecd84599b9304faa49619ec0dffa4e7ae7153ce78
direct,4,11,0,(4+3)+3=?,10,11,0,3,c3e73d7f3140edf7e9485deecd84599b9304faa49619ec0dffa4e7ae7153ce78
direct,4,11,1,(4+3)+3=?,10,9,0,2,c689a0f96a1bd3986c430649306e448d2fc00da9611895b4ec62052689bf0c33
direct,4,11,2,(4+3)+3=?,10,9,0,2,c689a0f96a1bd3986c430649306e448d2fc00da9611895b4ec62052689bf0c33
direct,4,11,3,(4+3)+3=?,10,9,0,2,c689a0f96a1bd3986c430649306e448d2fc00da9611895b4ec62052689bf0c33
direct,4,12,0,(0+0)+1=?,1,2,0,2,fd0660a59d0bf0cf5d8759bbe12cf5ad70b58c094442f280f8fa512c484dc915
direct,4,12,1,(0+0)+1=?,1,4,0,2,616906fbbb49f71ef6791315e24b3e01159ccfb0f50ca4f9993e2bafffd90dbc
direct,4,12,2,(0+0)+1=?,1,2,0,2,fd0660a59d0bf0cf5d8759bbe12cf5ad70b58c094442f280f8fa512c484dc915
direct,4,12,3,(0+0)+1=?,1,0,0,2,8cc6fc41d9919bd407958ea642a32bb9235eb260f5be7028fe718c406d565d35
direct,4,13,0,(0+1)+0=?,1,2,0,2,fd0660a59d0bf0cf5d8759bbe12cf5ad70b58c094442f280f8fa512c484dc915
direct,4,13,1,(0+1)+0=?,1,3,0,2,d1f0a2109d5292f0204a1a29887e1389fb7c09afa93b8453d9f3a3348c1f42b5
direct,4,13,2,(0+1)+0=?,1,2,0,2,fd0660a59d0bf0cf5d8759bbe12cf5ad70b58c094442f280f8fa512c484dc915
direct,4,13,3,(0+1)+0=?,1,2,0,2,fd0660a59d0bf0cf5d8759bbe12cf5ad70b58c094442f280f8fa512c484dc915
direct,4,14,0,(1+0)+0=?,1,2,0,2,fd0660a59d0bf0cf5d8759bbe12cf5ad70b58c094442f280f8fa512c484dc915
direct,4,14,1,(1+0)+0=?,1,2,0,2,fd0660a59d0bf0cf5d8759bbe12cf5ad70b58c094442f280f8fa512c484dc915
direct,4,14,2,(1+0)+0=?,1,2,0,2,fd0660a59d0bf0cf5d8759bbe12cf5ad70b58c094442f280f8fa512c484dc915
direct,4,14,3,(1+0)+0=?,1,2,0,2,fd0660a59d0bf0cf5d8759bbe12cf5ad70b58c094442f280f8fa512c484dc915
direct,4,15,0,(0+1)+2=?,3,4,0,2,616906fbbb49f71ef6791315e24b3e01159ccfb0f50ca4f9993e2bafffd90dbc
direct,4,15,1,(0+1)+2=?,3,4,0,2,616906fbbb49f71ef6791315e24b3e01159ccfb0f50ca4f9993e2bafffd90dbc
direct,4,15,2,(0+1)+2=?,3,4,0,2,616906fbbb49f71ef6791315e24b3e01159ccfb0f50ca4f9993e2bafffd90dbc
direct,4,15,3,(0+1)+2=?,3,4,0,2,616906fbbb49f71ef6791315e24b3e01159ccfb0f50ca4f9993e2bafffd90dbc
direct,4,16,0,(0+2)+1=?,3,4,0,2,616906fbbb49f71ef6791315e24b3e01159ccfb0f50ca4f9993e2bafffd90dbc
direct,4,16,1,(0+2)+1=?,3,4,0,2,616906fbbb49f71ef6791315e24b3e01159ccfb0f50ca4f9993e2bafffd90dbc
direct,4,16,2,(0+2)+1=?,3,4,0,2,616906fbbb49f71ef6791315e24b3e01159ccfb0f50ca4f9993e2bafffd90dbc
direct,4,16,3,(0+2)+1=?,3,4,0,2,616906fbbb49f71ef6791315e24b3e01159ccfb0f50ca4f9993e2bafffd90dbc
direct,4,17,0,(1+0)+2=?,3,2,0,2,fd0660a59d0bf0cf5d8759bbe12cf5ad70b58c094442f280f8fa512c484dc915
direct,4,17,1,(1+0)+2=?,3,2,0,2,fd0660a59d0bf0cf5d8759bbe12cf5ad70b58c094442f280f8fa512c484dc915
direct,4,17,2,(1+0)+2=?,3,2,0,2,fd0660a59d0bf0cf5d8759bbe12cf5ad70b58c094442f280f8fa512c484dc915
direct,4,17,3,(1+0)+2=?,3,2,0,2,fd0660a59d0bf0cf5d8759bbe12cf5ad70b58c094442f280f8fa512c484dc915
direct,4,18,0,(1+2)+0=?,3,2,0,2,fd0660a59d0bf0cf5d8759bbe12cf5ad70b58c094442f280f8fa512c484dc915
direct,4,18,1,(1+2)+0=?,3,2,0,2,fd0660a59d0bf0cf5d8759bbe12cf5ad70b58c094442f280f8fa512c484dc915
direct,4,18,2,(1+2)+0=?,3,2,0,2,fd0660a59d0bf0cf5d8759bbe12cf5ad70b58c094442f280f8fa512c484dc915
direct,4,18,3,(1+2)+0=?,3,2,0,2,fd0660a59d0bf0cf5d8759bbe12cf5ad70b58c094442f280f8fa512c484dc915
direct,4,19,0,(2+0)+1=?,3,4,0,2,616906fbbb49f71ef6791315e24b3e01159ccfb0f50ca4f9993e2bafffd90dbc
direct,4,19,1,(2+0)+1=?,3,4,0,2,616906fbbb49f71ef6791315e24b3e01159ccfb0f50ca4f9993e2bafffd90dbc
direct,4,19,2,(2+0)+1=?,3,4,0,2,616906fbbb49f71ef6791315e24b3e01159ccfb0f50ca4f9993e2bafffd90dbc
direct,4,19,3,(2+0)+1=?,3,4,0,2,616906fbbb49f71ef6791315e24b3e01159ccfb0f50ca4f9993e2bafffd90dbc
direct,4,20,0,(2+1)+0=?,3,2,0,2,fd0660a59d0bf0cf5d8759bbe12cf5ad70b58c094442f280f8fa512c484dc915
direct,4,20,1,(2+1)+0=?,3,2,0,2,fd0660a59d0bf0cf5d8759bbe12cf5ad70b58c094442f280f8fa512c484dc915
direct,4,20,2,(2+1)+0=?,3,4,0,2,616906fbbb49f71ef6791315e24b3e01159ccfb0f50ca4f9993e2bafffd90dbc
direct,4,20,3,(2+1)+0=?,3,2,0,2,fd0660a59d0bf0cf5d8759bbe12cf5ad70b58c094442f280f8fa512c484dc915
direct,4,21,0,(2+3)+3=?,8,7,0,2,ea8d5b60a178d380e12ffafaeb076aae94d932c6683f3d94742654159c4a9587
direct,4,21,1,(2+3)+3=?,8,8,1,2,525ce77aed5283d07c71e25d85dda1b3865448434c08019433184bddf4010ed8
direct,4,21,2,(2+3)+3=?,8,8,1,2,525ce77aed5283d07c71e25d85dda1b3865448434c08019433184bddf4010ed8
direct,4,21,3,(2+3)+3=?,8,8,1,2,525ce77aed5283d07c71e25d85dda1b3865448434c08019433184bddf4010ed8
direct,4,22,0,(3+2)+3=?,8,9,0,2,c689a0f96a1bd3986c430649306e448d2fc00da9611895b4ec62052689bf0c33
direct,4,22,1,(3+2)+3=?,8,9,0,2,c689a0f96a1bd3986c430649306e448d2fc00da9611895b4ec62052689bf0c33
direct,4,22,2,(3+2)+3=?,8,9,0,2,c689a0f96a1bd3986c430649306e448d2fc00da9611895b4ec62052689bf0c33
direct,4,22,3,(3+2)+3=?,8,9,0,2,c689a0f96a1bd3986c430649306e448d2fc00da9611895b4ec62052689bf0c33
direct,4,23,0,(3+3)+2=?,8,9,0,2,c689a0f96a1bd3986c430649306e448d2fc00da9611895b4ec62052689bf0c33
direct,4,23,1,(3+3)+2=?,8,9,0,2,c689a0f96a1bd3986c430649306e448d2fc00da9611895b4ec62052689bf0c33
direct,4,23,2,(3+3)+2=?,8,9,0,2,c689a0f96a1bd3986c430649306e448d2fc00da9611895b4ec62052689bf0c33
direct,4,23,3,(3+3)+2=?,8,9,0,2,c689a0f96a1bd3986c430649306e448d2fc00da9611895b4ec62052689bf0c33
direct,8,0,0,(0+3)+3=?,6,5,0,2,7fe2bb81bb475e069508bc901683d2d9b20a18ca76a65fa2ee1325807d93cc21
direct,8,0,1,(0+3)+3=?,6,5,0,2,7fe2bb81bb475e069508bc901683d2d9b20a18ca76a65fa2ee1325807d93cc21
direct,8,0,2,(0+3)+3=?,6,5,0,2,7fe2bb81bb475e069508bc901683d2d9b20a18ca76a65fa2ee1325807d93cc21
direct,8,0,3,(0+3)+3=?,6,5,0,2,7fe2bb81bb475e069508bc901683d2d9b20a18ca76a65fa2ee1325807d93cc21
direct,8,0,4,(0+3)+3=?,6,5,0,2,7fe2bb81bb475e069508bc901683d2d9b20a18ca76a65fa2ee1325807d93cc21
direct,8,0,5,(0+3)+3=?,6,5,0,2,7fe2bb81bb475e069508bc901683d2d9b20a18ca76a65fa2ee1325807d93cc21
direct,8,0,6,(0+3)+3=?,6,5,0,2,7fe2bb81bb475e069508bc901683d2d9b20a18ca76a65fa2ee1325807d93cc21
direct,8,0,7,(0+3)+3=?,6,5,0,2,7fe2bb81bb475e069508bc901683d2d9b20a18ca76a65fa2ee1325807d93cc21
direct,8,1,0,(3+0)+3=?,6,7,0,2,ea8d5b60a178d380e12ffafaeb076aae94d932c6683f3d94742654159c4a9587
direct,8,1,1,(3+0)+3=?,6,7,0,2,ea8d5b60a178d380e12ffafaeb076aae94d932c6683f3d94742654159c4a9587
direct,8,1,2,(3+0)+3=?,6,7,0,2,ea8d5b60a178d380e12ffafaeb076aae94d932c6683f3d94742654159c4a9587
direct,8,1,3,(3+0)+3=?,6,7,0,2,ea8d5b60a178d380e12ffafaeb076aae94d932c6683f3d94742654159c4a9587
direct,8,1,4,(3+0)+3=?,6,7,0,2,ea8d5b60a178d380e12ffafaeb076aae94d932c6683f3d94742654159c4a9587
direct,8,1,5,(3+0)+3=?,6,7,0,2,ea8d5b60a178d380e12ffafaeb076aae94d932c6683f3d94742654159c4a9587
direct,8,1,6,(3+0)+3=?,6,7,0,2,ea8d5b60a178d380e12ffafaeb076aae94d932c6683f3d94742654159c4a9587
direct,8,1,7,(3+0)+3=?,6,7,0,2,ea8d5b60a178d380e12ffafaeb076aae94d932c6683f3d94742654159c4a9587
direct,8,2,0,(3+3)+0=?,6,5,0,2,7fe2bb81bb475e069508bc901683d2d9b20a18ca76a65fa2ee1325807d93cc21
direct,8,2,1,(3+3)+0=?,6,5,0,2,7fe2bb81bb475e069508bc901683d2d9b20a18ca76a65fa2ee1325807d93cc21
direct,8,2,2,(3+3)+0=?,6,7,0,2,ea8d5b60a178d380e12ffafaeb076aae94d932c6683f3d94742654159c4a9587
direct,8,2,3,(3+3)+0=?,6,7,0,2,ea8d5b60a178d380e12ffafaeb076aae94d932c6683f3d94742654159c4a9587
direct,8,2,4,(3+3)+0=?,6,7,0,2,ea8d5b60a178d380e12ffafaeb076aae94d932c6683f3d94742654159c4a9587
direct,8,2,5,(3+3)+0=?,6,7,0,2,ea8d5b60a178d380e12ffafaeb076aae94d932c6683f3d94742654159c4a9587
direct,8,2,6,(3+3)+0=?,6,7,0,2,ea8d5b60a178d380e12ffafaeb076aae94d932c6683f3d94742654159c4a9587
direct,8,2,7,(3+3)+0=?,6,7,0,2,ea8d5b60a178d380e12ffafaeb076aae94d932c6683f3d94742654159c4a9587
direct,8,3,0,(0+3)+5=?,8,10,0,3,ccdb9f262050c0edd5f5f6682648b41918a722c82b27fe88af25ad87c8e2d5cf
direct,8,3,1,(0+3)+5=?,8,9,0,2,c689a0f96a1bd3986c430649306e448d2fc00da9611895b4ec62052689bf0c33
direct,8,3,2,(0+3)+5=?,8,9,0,2,c689a0f96a1bd3986c430649306e448d2fc00da9611895b4ec62052689bf0c33
direct,8,3,3,(0+3)+5=?,8,9,0,2,c689a0f96a1bd3986c430649306e448d2fc00da9611895b4ec62052689bf0c33
direct,8,3,4,(0+3)+5=?,8,10,0,3,ccdb9f262050c0edd5f5f6682648b41918a722c82b27fe88af25ad87c8e2d5cf
direct,8,3,5,(0+3)+5=?,8,10,0,3,ccdb9f262050c0edd5f5f6682648b41918a722c82b27fe88af25ad87c8e2d5cf
direct,8,3,6,(0+3)+5=?,8,9,0,2,c689a0f96a1bd3986c430649306e448d2fc00da9611895b4ec62052689bf0c33
direct,8,3,7,(0+3)+5=?,8,9,0,2,c689a0f96a1bd3986c430649306e448d2fc00da9611895b4ec62052689bf0c33
direct,8,4,0,(0+5)+3=?,8,5,0,2,7fe2bb81bb475e069508bc901683d2d9b20a18ca76a65fa2ee1325807d93cc21
direct,8,4,1,(0+5)+3=?,8,9,0,2,c689a0f96a1bd3986c430649306e448d2fc00da9611895b4ec62052689bf0c33
direct,8,4,2,(0+5)+3=?,8,9,0,2,c689a0f96a1bd3986c430649306e448d2fc00da9611895b4ec62052689bf0c33
direct,8,4,3,(0+5)+3=?,8,5,0,2,7fe2bb81bb475e069508bc901683d2d9b20a18ca76a65fa2ee1325807d93cc21
direct,8,4,4,(0+5)+3=?,8,5,0,2,7fe2bb81bb475e069508bc901683d2d9b20a18ca76a65fa2ee1325807d93cc21
direct,8,4,5,(0+5)+3=?,8,5,0,2,7fe2bb81bb475e069508bc901683d2d9b20a18ca76a65fa2ee1325807d93cc21
direct,8,4,6,(0+5)+3=?,8,9,0,2,c689a0f96a1bd3986c430649306e448d2fc00da9611895b4ec62052689bf0c33
direct,8,4,7,(0+5)+3=?,8,5,0,2,7fe2bb81bb475e069508bc901683d2d9b20a18ca76a65fa2ee1325807d93cc21
direct,8,5,0,(3+0)+5=?,8,9,0,2,c689a0f96a1bd3986c430649306e448d2fc00da9611895b4ec62052689bf0c33
direct,8,5,1,(3+0)+5=?,8,9,0,2,c689a0f96a1bd3986c430649306e448d2fc00da9611895b4ec62052689bf0c33
direct,8,5,2,(3+0)+5=?,8,9,0,2,c689a0f96a1bd3986c430649306e448d2fc00da9611895b4ec62052689bf0c33
direct,8,5,3,(3+0)+5=?,8,9,0,2,c689a0f96a1bd3986c430649306e448d2fc00da9611895b4ec62052689bf0c33
direct,8,5,4,(3+0)+5=?,8,9,0,2,c689a0f96a1bd3986c430649306e448d2fc00da9611895b4ec62052689bf0c33
direct,8,5,5,(3+0)+5=?,8,9,0,2,c689a0f96a1bd3986c430649306e448d2fc00da9611895b4ec62052689bf0c33
direct,8,5,6,(3+0)+5=?,8,9,0,2,c689a0f96a1bd3986c430649306e448d2fc00da9611895b4ec62052689bf0c33
direct,8,5,7,(3+0)+5=?,8,9,0,2,c689a0f96a1bd3986c430649306e448d2fc00da9611895b4ec62052689bf0c33
direct,8,6,0,(3+5)+0=?,8,9,0,2,c689a0f96a1bd3986c430649306e448d2fc00da9611895b4ec62052689bf0c33
direct,8,6,1,(3+5)+0=?,8,9,0,2,c689a0f96a1bd3986c430649306e448d2fc00da9611895b4ec62052689bf0c33
direct,8,6,2,(3+5)+0=?,8,9,0,2,c689a0f96a1bd3986c430649306e448d2fc00da9611895b4ec62052689bf0c33
direct,8,6,3,(3+5)+0=?,8,9,0,2,c689a0f96a1bd3986c430649306e448d2fc00da9611895b4ec62052689bf0c33
direct,8,6,4,(3+5)+0=?,8,9,0,2,c689a0f96a1bd3986c430649306e448d2fc00da9611895b4ec62052689bf0c33
direct,8,6,5,(3+5)+0=?,8,9,0,2,c689a0f96a1bd3986c430649306e448d2fc00da9611895b4ec62052689bf0c33
direct,8,6,6,(3+5)+0=?,8,9,0,2,c689a0f96a1bd3986c430649306e448d2fc00da9611895b4ec62052689bf0c33
direct,8,6,7,(3+5)+0=?,8,9,0,2,c689a0f96a1bd3986c430649306e448d2fc00da9611895b4ec62052689bf0c33
direct,8,7,0,(5+0)+3=?,8,3,0,2,d1f0a2109d5292f0204a1a29887e1389fb7c09afa93b8453d9f3a3348c1f42b5
direct,8,7,1,(5+0)+3=?,8,9,0,2,c689a0f96a1bd3986c430649306e448d2fc00da9611895b4ec62052689bf0c33
direct,8,7,2,(5+0)+3=?,8,5,0,2,7fe2bb81bb475e069508bc901683d2d9b20a18ca76a65fa2ee1325807d93cc21
direct,8,7,3,(5+0)+3=?,8,9,0,2,c689a0f96a1bd3986c430649306e448d2fc00da9611895b4ec62052689bf0c33
direct,8,7,4,(5+0)+3=?,8,3,0,2,d1f0a2109d5292f0204a1a29887e1389fb7c09afa93b8453d9f3a3348c1f42b5
direct,8,7,5,(5+0)+3=?,8,9,0,2,c689a0f96a1bd3986c430649306e448d2fc00da9611895b4ec62052689bf0c33
direct,8,7,6,(5+0)+3=?,8,5,0,2,7fe2bb81bb475e069508bc901683d2d9b20a18ca76a65fa2ee1325807d93cc21
direct,8,7,7,(5+0)+3=?,8,9,0,2,c689a0f96a1bd3986c430649306e448d2fc00da9611895b4ec62052689bf0c33
direct,8,8,0,(5+3)+0=?,8,5,0,2,7fe2bb81bb475e069508bc901683d2d9b20a18ca76a65fa2ee1325807d93cc21
direct,8,8,1,(5+3)+0=?,8,5,0,2,7fe2bb81bb475e069508bc901683d2d9b20a18ca76a65fa2ee1325807d93cc21
direct,8,8,2,(5+3)+0=?,8,5,0,2,7fe2bb81bb475e069508bc901683d2d9b20a18ca76a65fa2ee1325807d93cc21
direct,8,8,3,(5+3)+0=?,8,5,0,2,7fe2bb81bb475e069508bc901683d2d9b20a18ca76a65fa2ee1325807d93cc21
direct,8,8,4,(5+3)+0=?,8,5,0,2,7fe2bb81bb475e069508bc901683d2d9b20a18ca76a65fa2ee1325807d93cc21
direct,8,8,5,(5+3)+0=?,8,9,0,2,c689a0f96a1bd3986c430649306e448d2fc00da9611895b4ec62052689bf0c33
direct,8,8,6,(5+3)+0=?,8,9,0,2,c689a0f96a1bd3986c430649306e448d2fc00da9611895b4ec62052689bf0c33
direct,8,8,7,(5+3)+0=?,8,5,0,2,7fe2bb81bb475e069508bc901683d2d9b20a18ca76a65fa2ee1325807d93cc21
direct,8,9,0,(3+3)+4=?,10,11,0,3,c3e73d7f3140edf7e9485deecd84599b9304faa49619ec0dffa4e7ae7153ce78
direct,8,9,1,(3+3)+4=?,10,9,0,2,c689a0f96a1bd3986c430649306e448d2fc00da9611895b4ec62052689bf0c33
direct,8,9,2,(3+3)+4=?,10,11,0,3,c3e73d7f3140edf7e9485deecd84599b9304faa49619ec0dffa4e7ae7153ce78
direct,8,9,3,(3+3)+4=?,10,9,0,2,c689a0f96a1bd3986c430649306e448d2fc00da9611895b4ec62052689bf0c33
direct,8,9,4,(3+3)+4=?,10,9,0,2,c689a0f96a1bd3986c430649306e448d2fc00da9611895b4ec62052689bf0c33
direct,8,9,5,(3+3)+4=?,10,11,0,3,c3e73d7f3140edf7e9485deecd84599b9304faa49619ec0dffa4e7ae7153ce78
direct,8,9,6,(3+3)+4=?,10,9,0,2,c689a0f96a1bd3986c430649306e448d2fc00da9611895b4ec62052689bf0c33
direct,8,9,7,(3+3)+4=?,10,11,0,3,c3e73d7f3140edf7e9485deecd84599b9304faa49619ec0dffa4e7ae7153ce78
direct,8,10,0,(3+4)+3=?,10,11,0,3,c3e73d7f3140edf7e9485deecd84599b9304faa49619ec0dffa4e7ae7153ce78
direct,8,10,1,(3+4)+3=?,10,11,0,3,c3e73d7f3140edf7e9485deecd84599b9304faa49619ec0dffa4e7ae7153ce78
direct,8,10,2,(3+4)+3=?,10,11,0,3,c3e73d7f3140edf7e9485deecd84599b9304faa49619ec0dffa4e7ae7153ce78
direct,8,10,3,(3+4)+3=?,10,11,0,3,c3e73d7f3140edf7e9485deecd84599b9304faa49619ec0dffa4e7ae7153ce78
direct,8,10,4,(3+4)+3=?,10,11,0,3,c3e73d7f3140edf7e9485deecd84599b9304faa49619ec0dffa4e7ae7153ce78
direct,8,10,5,(3+4)+3=?,10,11,0,3,c3e73d7f3140edf7e9485deecd84599b9304faa49619ec0dffa4e7ae7153ce78
direct,8,10,6,(3+4)+3=?,10,11,0,3,c3e73d7f3140edf7e9485deecd84599b9304faa49619ec0dffa4e7ae7153ce78
direct,8,10,7,(3+4)+3=?,10,11,0,3,c3e73d7f3140edf7e9485deecd84599b9304faa49619ec0dffa4e7ae7153ce78
direct,8,11,0,(4+3)+3=?,10,9,0,2,c689a0f96a1bd3986c430649306e448d2fc00da9611895b4ec62052689bf0c33
direct,8,11,1,(4+3)+3=?,10,9,0,2,c689a0f96a1bd3986c430649306e448d2fc00da9611895b4ec62052689bf0c33
direct,8,11,2,(4+3)+3=?,10,9,0,2,c689a0f96a1bd3986c430649306e448d2fc00da9611895b4ec62052689bf0c33
direct,8,11,3,(4+3)+3=?,10,9,0,2,c689a0f96a1bd3986c430649306e448d2fc00da9611895b4ec62052689bf0c33
direct,8,11,4,(4+3)+3=?,10,9,0,2,c689a0f96a1bd3986c430649306e448d2fc00da9611895b4ec62052689bf0c33
direct,8,11,5,(4+3)+3=?,10,11,0,3,c3e73d7f3140edf7e9485deecd84599b9304faa49619ec0dffa4e7ae7153ce78
direct,8,11,6,(4+3)+3=?,10,9,0,2,c689a0f96a1bd3986c430649306e448d2fc00da9611895b4ec62052689bf0c33
direct,8,11,7,(4+3)+3=?,10,9,0,2,c689a0f96a1bd3986c430649306e448d2fc00da9611895b4ec62052689bf0c33
direct,8,12,0,(0+0)+1=?,1,2,0,2,fd0660a59d0bf0cf5d8759bbe12cf5ad70b58c094442f280f8fa512c484dc915
direct,8,12,1,(0+0)+1=?,1,2,0,2,fd0660a59d0bf0cf5d8759bbe12cf5ad70b58c094442f280f8fa512c484dc915
direct,8,12,2,(0+0)+1=?,1,2,0,2,fd0660a59d0bf0cf5d8759bbe12cf5ad70b58c094442f280f8fa512c484dc915
direct,8,12,3,(0+0)+1=?,1,2,0,2,fd0660a59d0bf0cf5d8759bbe12cf5ad70b58c094442f280f8fa512c484dc915
direct,8,12,4,(0+0)+1=?,1,0,0,2,8cc6fc41d9919bd407958ea642a32bb9235eb260f5be7028fe718c406d565d35
direct,8,12,5,(0+0)+1=?,1,0,0,2,8cc6fc41d9919bd407958ea642a32bb9235eb260f5be7028fe718c406d565d35
direct,8,12,6,(0+0)+1=?,1,0,0,2,8cc6fc41d9919bd407958ea642a32bb9235eb260f5be7028fe718c406d565d35
direct,8,12,7,(0+0)+1=?,1,2,0,2,fd0660a59d0bf0cf5d8759bbe12cf5ad70b58c094442f280f8fa512c484dc915
direct,8,13,0,(0+1)+0=?,1,2,0,2,fd0660a59d0bf0cf5d8759bbe12cf5ad70b58c094442f280f8fa512c484dc915
direct,8,13,1,(0+1)+0=?,1,2,0,2,fd0660a59d0bf0cf5d8759bbe12cf5ad70b58c094442f280f8fa512c484dc915
direct,8,13,2,(0+1)+0=?,1,2,0,2,fd0660a59d0bf0cf5d8759bbe12cf5ad70b58c094442f280f8fa512c484dc915
direct,8,13,3,(0+1)+0=?,1,2,0,2,fd0660a59d0bf0cf5d8759bbe12cf5ad70b58c094442f280f8fa512c484dc915
direct,8,13,4,(0+1)+0=?,1,2,0,2,fd0660a59d0bf0cf5d8759bbe12cf5ad70b58c094442f280f8fa512c484dc915
direct,8,13,5,(0+1)+0=?,1,2,0,2,fd0660a59d0bf0cf5d8759bbe12cf5ad70b58c094442f280f8fa512c484dc915
direct,8,13,6,(0+1)+0=?,1,2,0,2,fd0660a59d0bf0cf5d8759bbe12cf5ad70b58c094442f280f8fa512c484dc915
direct,8,13,7,(0+1)+0=?,1,2,0,2,fd0660a59d0bf0cf5d8759bbe12cf5ad70b58c094442f280f8fa512c484dc915
direct,8,14,0,(1+0)+0=?,1,2,0,2,fd0660a59d0bf0cf5d8759bbe12cf5ad70b58c094442f280f8fa512c484dc915
direct,8,14,1,(1+0)+0=?,1,2,0,2,fd0660a59d0bf0cf5d8759bbe12cf5ad70b58c094442f280f8fa512c484dc915
direct,8,14,2,(1+0)+0=?,1,2,0,2,fd0660a59d0bf0cf5d8759bbe12cf5ad70b58c094442f280f8fa512c484dc915
direct,8,14,3,(1+0)+0=?,1,2,0,2,fd0660a59d0bf0cf5d8759bbe12cf5ad70b58c094442f280f8fa512c484dc915
direct,8,14,4,(1+0)+0=?,1,2,0,2,fd0660a59d0bf0cf5d8759bbe12cf5ad70b58c094442f280f8fa512c484dc915
direct,8,14,5,(1+0)+0=?,1,2,0,2,fd0660a59d0bf0cf5d8759bbe12cf5ad70b58c094442f280f8fa512c484dc915
direct,8,14,6,(1+0)+0=?,1,2,0,2,fd0660a59d0bf0cf5d8759bbe12cf5ad70b58c094442f280f8fa512c484dc915
direct,8,14,7,(1+0)+0=?,1,2,0,2,fd0660a59d0bf0cf5d8759bbe12cf5ad70b58c094442f280f8fa512c484dc915
direct,8,15,0,(0+1)+2=?,3,4,0,2,616906fbbb49f71ef6791315e24b3e01159ccfb0f50ca4f9993e2bafffd90dbc
direct,8,15,1,(0+1)+2=?,3,4,0,2,616906fbbb49f71ef6791315e24b3e01159ccfb0f50ca4f9993e2bafffd90dbc
direct,8,15,2,(0+1)+2=?,3,4,0,2,616906fbbb49f71ef6791315e24b3e01159ccfb0f50ca4f9993e2bafffd90dbc
direct,8,15,3,(0+1)+2=?,3,4,0,2,616906fbbb49f71ef6791315e24b3e01159ccfb0f50ca4f9993e2bafffd90dbc
direct,8,15,4,(0+1)+2=?,3,4,0,2,616906fbbb49f71ef6791315e24b3e01159ccfb0f50ca4f9993e2bafffd90dbc
direct,8,15,5,(0+1)+2=?,3,4,0,2,616906fbbb49f71ef6791315e24b3e01159ccfb0f50ca4f9993e2bafffd90dbc
direct,8,15,6,(0+1)+2=?,3,4,0,2,616906fbbb49f71ef6791315e24b3e01159ccfb0f50ca4f9993e2bafffd90dbc
direct,8,15,7,(0+1)+2=?,3,4,0,2,616906fbbb49f71ef6791315e24b3e01159ccfb0f50ca4f9993e2bafffd90dbc
direct,8,16,0,(0+2)+1=?,3,4,0,2,616906fbbb49f71ef6791315e24b3e01159ccfb0f50ca4f9993e2bafffd90dbc
direct,8,16,1,(0+2)+1=?,3,4,0,2,616906fbbb49f71ef6791315e24b3e01159ccfb0f50ca4f9993e2bafffd90dbc
direct,8,16,2,(0+2)+1=?,3,4,0,2,616906fbbb49f71ef6791315e24b3e01159ccfb0f50ca4f9993e2bafffd90dbc
direct,8,16,3,(0+2)+1=?,3,4,0,2,616906fbbb49f71ef6791315e24b3e01159ccfb0f50ca4f9993e2bafffd90dbc
direct,8,16,4,(0+2)+1=?,3,4,0,2,616906fbbb49f71ef6791315e24b3e01159ccfb0f50ca4f9993e2bafffd90dbc
direct,8,16,5,(0+2)+1=?,3,4,0,2,616906fbbb49f71ef6791315e24b3e01159ccfb0f50ca4f9993e2bafffd90dbc
direct,8,16,6,(0+2)+1=?,3,4,0,2,616906fbbb49f71ef6791315e24b3e01159ccfb0f50ca4f9993e2bafffd90dbc
direct,8,16,7,(0+2)+1=?,3,4,0,2,616906fbbb49f71ef6791315e24b3e01159ccfb0f50ca4f9993e2bafffd90dbc
direct,8,17,0,(1+0)+2=?,3,2,0,2,fd0660a59d0bf0cf5d8759bbe12cf5ad70b58c094442f280f8fa512c484dc915
direct,8,17,1,(1+0)+2=?,3,2,0,2,fd0660a59d0bf0cf5d8759bbe12cf5ad70b58c094442f280f8fa512c484dc915
direct,8,17,2,(1+0)+2=?,3,2,0,2,fd0660a59d0bf0cf5d8759bbe12cf5ad70b58c094442f280f8fa512c484dc915
direct,8,17,3,(1+0)+2=?,3,2,0,2,fd0660a59d0bf0cf5d8759bbe12cf5ad70b58c094442f280f8fa512c484dc915
direct,8,17,4,(1+0)+2=?,3,2,0,2,fd0660a59d0bf0cf5d8759bbe12cf5ad70b58c094442f280f8fa512c484dc915
direct,8,17,5,(1+0)+2=?,3,2,0,2,fd0660a59d0bf0cf5d8759bbe12cf5ad70b58c094442f280f8fa512c484dc915
direct,8,17,6,(1+0)+2=?,3,2,0,2,fd0660a59d0bf0cf5d8759bbe12cf5ad70b58c094442f280f8fa512c484dc915
direct,8,17,7,(1+0)+2=?,3,4,0,2,616906fbbb49f71ef6791315e24b3e01159ccfb0f50ca4f9993e2bafffd90dbc
direct,8,18,0,(1+2)+0=?,3,2,0,2,fd0660a59d0bf0cf5d8759bbe12cf5ad70b58c094442f280f8fa512c484dc915
direct,8,18,1,(1+2)+0=?,3,2,0,2,fd0660a59d0bf0cf5d8759bbe12cf5ad70b58c094442f280f8fa512c484dc915
direct,8,18,2,(1+2)+0=?,3,2,0,2,fd0660a59d0bf0cf5d8759bbe12cf5ad70b58c094442f280f8fa512c484dc915
direct,8,18,3,(1+2)+0=?,3,2,0,2,fd0660a59d0bf0cf5d8759bbe12cf5ad70b58c094442f280f8fa512c484dc915
direct,8,18,4,(1+2)+0=?,3,2,0,2,fd0660a59d0bf0cf5d8759bbe12cf5ad70b58c094442f280f8fa512c484dc915
direct,8,18,5,(1+2)+0=?,3,2,0,2,fd0660a59d0bf0cf5d8759bbe12cf5ad70b58c094442f280f8fa512c484dc915
direct,8,18,6,(1+2)+0=?,3,2,0,2,fd0660a59d0bf0cf5d8759bbe12cf5ad70b58c094442f280f8fa512c484dc915
direct,8,18,7,(1+2)+0=?,3,2,0,2,fd0660a59d0bf0cf5d8759bbe12cf5ad70b58c094442f280f8fa512c484dc915
direct,8,19,0,(2+0)+1=?,3,4,0,2,616906fbbb49f71ef6791315e24b3e01159ccfb0f50ca4f9993e2bafffd90dbc
direct,8,19,1,(2+0)+1=?,3,4,0,2,616906fbbb49f71ef6791315e24b3e01159ccfb0f50ca4f9993e2bafffd90dbc
direct,8,19,2,(2+0)+1=?,3,4,0,2,616906fbbb49f71ef6791315e24b3e01159ccfb0f50ca4f9993e2bafffd90dbc
direct,8,19,3,(2+0)+1=?,3,4,0,2,616906fbbb49f71ef6791315e24b3e01159ccfb0f50ca4f9993e2bafffd90dbc
direct,8,19,4,(2+0)+1=?,3,4,0,2,616906fbbb49f71ef6791315e24b3e01159ccfb0f50ca4f9993e2bafffd90dbc
direct,8,19,5,(2+0)+1=?,3,4,0,2,616906fbbb49f71ef6791315e24b3e01159ccfb0f50ca4f9993e2bafffd90dbc
direct,8,19,6,(2+0)+1=?,3,4,0,2,616906fbbb49f71ef6791315e24b3e01159ccfb0f50ca4f9993e2bafffd90dbc
direct,8,19,7,(2+0)+1=?,3,4,0,2,616906fbbb49f71ef6791315e24b3e01159ccfb0f50ca4f9993e2bafffd90dbc
direct,8,20,0,(2+1)+0=?,3,2,0,2,fd0660a59d0bf0cf5d8759bbe12cf5ad70b58c094442f280f8fa512c484dc915
direct,8,20,1,(2+1)+0=?,3,2,0,2,fd0660a59d0bf0cf5d8759bbe12cf5ad70b58c094442f280f8fa512c484dc915
direct,8,20,2,(2+1)+0=?,3,2,0,2,fd0660a59d0bf0cf5d8759bbe12cf5ad70b58c094442f280f8fa512c484dc915
direct,8,20,3,(2+1)+0=?,3,2,0,2,fd0660a59d0bf0cf5d8759bbe12cf5ad70b58c094442f280f8fa512c484dc915
direct,8,20,4,(2+1)+0=?,3,4,0,2,616906fbbb49f71ef6791315e24b3e01159ccfb0f50ca4f9993e2bafffd90dbc
direct,8,20,5,(2+1)+0=?,3,2,0,2,fd0660a59d0bf0cf5d8759bbe12cf5ad70b58c094442f280f8fa512c484dc915
direct,8,20,6,(2+1)+0=?,3,2,0,2,fd0660a59d0bf0cf5d8759bbe12cf5ad70b58c094442f280f8fa512c484dc915
direct,8,20,7,(2+1)+0=?,3,4,0,2,616906fbbb49f71ef6791315e24b3e01159ccfb0f50ca4f9993e2bafffd90dbc
direct,8,21,0,(2+3)+3=?,8,8,1,2,525ce77aed5283d07c71e25d85dda1b3865448434c08019433184bddf4010ed8
direct,8,21,1,(2+3)+3=?,8,7,0,2,ea8d5b60a178d380e12ffafaeb076aae94d932c6683f3d94742654159c4a9587
direct,8,21,2,(2+3)+3=?,8,8,1,2,525ce77aed5283d07c71e25d85dda1b3865448434c08019433184bddf4010ed8
direct,8,21,3,(2+3)+3=?,8,8,1,2,525ce77aed5283d07c71e25d85dda1b3865448434c08019433184bddf4010ed8
direct,8,21,4,(2+3)+3=?,8,8,1,2,525ce77aed5283d07c71e25d85dda1b3865448434c08019433184bddf4010ed8
direct,8,21,5,(2+3)+3=?,8,7,0,2,ea8d5b60a178d380e12ffafaeb076aae94d932c6683f3d94742654159c4a9587
direct,8,21,6,(2+3)+3=?,8,7,0,2,ea8d5b60a178d380e12ffafaeb076aae94d932c6683f3d94742654159c4a9587
direct,8,21,7,(2+3)+3=?,8,8,1,2,525ce77aed5283d07c71e25d85dda1b3865448434c08019433184bddf4010ed8
direct,8,22,0,(3+2)+3=?,8,9,0,2,c689a0f96a1bd3986c430649306e448d2fc00da9611895b4ec62052689bf0c33
direct,8,22,1,(3+2)+3=?,8,9,0,2,c689a0f96a1bd3986c430649306e448d2fc00da9611895b4ec62052689bf0c33
direct,8,22,2,(3+2)+3=?,8,9,0,2,c689a0f96a1bd3986c430649306e448d2fc00da9611895b4ec62052689bf0c33
direct,8,22,3,(3+2)+3=?,8,9,0,2,c689a0f96a1bd3986c430649306e448d2fc00da9611895b4ec62052689bf0c33
direct,8,22,4,(3+2)+3=?,8,9,0,2,c689a0f96a1bd3986c430649306e448d2fc00da9611895b4ec62052689bf0c33
direct,8,22,5,(3+2)+3=?,8,9,0,2,c689a0f96a1bd3986c430649306e448d2fc00da9611895b4ec62052689bf0c33
direct,8,22,6,(3+2)+3=?,8,9,0,2,c689a0f96a1bd3986c430649306e448d2fc00da9611895b4ec62052689bf0c33
direct,8,22,7,(3+2)+3=?,8,9,0,2,c689a0f96a1bd3986c430649306e448d2fc00da9611895b4ec62052689bf0c33
direct,8,23,0,(3+3)+2=?,8,9,0,2,c689a0f96a1bd3986c430649306e448d2fc00da9611895b4ec62052689bf0c33
direct,8,23,1,(3+3)+2=?,8,9,0,2,c689a0f96a1bd3986c430649306e448d2fc00da9611895b4ec62052689bf0c33
direct,8,23,2,(3+3)+2=?,8,9,0,2,c689a0f96a1bd3986c430649306e448d2fc00da9611895b4ec62052689bf0c33
direct,8,23,3,(3+3)+2=?,8,9,0,2,c689a0f96a1bd3986c430649306e448d2fc00da9611895b4ec62052689bf0c33
direct,8,23,4,(3+3)+2=?,8,9,0,2,c689a0f96a1bd3986c430649306e448d2fc00da9611895b4ec62052689bf0c33
direct,8,23,5,(3+3)+2=?,8,9,0,2,c689a0f96a1bd3986c430649306e448d2fc00da9611895b4ec62052689bf0c33
direct,8,23,6,(3+3)+2=?,8,9,0,2,c689a0f96a1bd3986c430649306e448d2fc00da9611895b4ec62052689bf0c33
direct,8,23,7,(3+3)+2=?,8,9,0,2,c689a0f96a1bd3986c430649306e448d2fc00da9611895b4ec62052689bf0c33
steps,1,0,0,(0+3)+3=?,6,3,0,21,a1d87e81490b47727cfc6cc2dade1ce301c5b282d58e8a4da6931e2e3994f1f4
steps,1,1,0,(3+0)+3=?,6,5,0,21,58c6421b9eb735c1fc58ec10622fb30eaa4dab5485050b1754c0333d97008932
steps,1,2,0,(3+3)+0=?,6,6,1,21,cdb1d4b73ae7baa5931138bbf11c30cbdd8b3c6fbcd8475a3edaa194046e70bb
steps,1,3,0,(0+3)+5=?,8,10,0,23,bfa44ae0f7079ce4b7147763df0923cc90840e5bc37e6f76f4a1a615b852efc9
steps,1,4,0,(0+5)+3=?,8,8,1,21,c4d602c6f8d1f7c3c9c30f810b9656c273c82ee8cf2701ca7fedc54487017616
steps,1,5,0,(3+0)+5=?,8,10,0,23,92f0425362c625a7fae815bd2dd02390856ff705c2bdbcd49b33c74218e2d1e5
steps,1,6,0,(3+5)+0=?,8,8,1,21,8fe408effa87dd6b76f41c2c4da8840975ac3ab98544a9db895dd33eed4b5013
steps,1,7,0,(5+0)+3=?,8,8,1,21,4196a578fb9c8e2520f65a2e4c15725ae38723bfaee00ec2d22016eace66bee0
steps,1,8,0,(5+3)+0=?,8,8,1,21,e3164730f7f3b677f65437a71da3c6535d1d16a969e8070fdb9d635847ae80a5
steps,1,9,0,(3+3)+4=?,10,9,0,21,8f28aea3d038f0b0ae4dd41e02ed64c58e4ef61a9d08ffc48e5f9c502416ed24
steps,1,10,0,(3+4)+3=?,10,11,0,23,cb545127fcb3ac4157a61e7eb823623951a3ff0b25775b74bcba1ee4aa83acf3
steps,1,11,0,(4+3)+3=?,10,11,0,23,ebe872d31531310e1b92823e50e76b19620ea1ef63a67a2b64a42378ae460484
steps,1,12,0,(0+0)+1=?,1,0,0,21,20df24e8bb62ac6ada26c984ad3f5a8a6faf6419ba0457d5b3184a23d547a301
steps,1,13,0,(0+1)+0=?,1,0,0,21,fa50e1c8e36a4c26e7cc094458989734ca69df3ab8b3d7409fba5f182c5d200c
steps,1,14,0,(1+0)+0=?,1,0,0,21,96db88897856c57e55e50c2bd0f497fb26798c9ecb813e958982b4baa2102137
steps,1,15,0,(0+1)+2=?,3,4,0,21,a9586f80bb688a29b75502c78656dff4b34b14108c9e98e07cabc634b87f6bc2
steps,1,16,0,(0+2)+1=?,3,3,1,21,24e62d0c81eac2dbf950903236862c8c567018e3e2c330f7ee09ae66b6446728
steps,1,17,0,(1+0)+2=?,3,4,0,21,15509a3fe46e0d1b5904f20abc04dee082e1d224e06bb1fc7cc67914e1c46f5a
steps,1,18,0,(1+2)+0=?,3,3,1,21,4bf7a3c310fd3907b3710fe395907d7d42b96e00bff59d4c33a9bce23010db55
steps,1,19,0,(2+0)+1=?,3,3,1,21,4b29a9342682e830f0eb31c0d41362624755fc879cc3095ce8eb1fbf453277f6
steps,1,20,0,(2+1)+0=?,3,3,1,21,d89c03c7541b2a22b5c59ed58c3dde56c9fcfaf4b4168e1bf5acfb60f0540633
steps,1,21,0,(2+3)+3=?,8,8,1,21,18985e179c3ac9df06ba17fe40ce6530cd11ddb3de9518955bc93c200f249f5a
steps,1,22,0,(3+2)+3=?,8,9,0,21,9ffabb47403c286a76697c8a8915d13a5c4b8270f875afce6195026395309a4c
steps,1,23,0,(3+3)+2=?,8,8,1,21,c7d98758cb738a65a949afe94644581c7578dab9b3643b241ee3be2d3f094443
steps,2,0,0,(0+3)+3=?,6,6,1,21,4f7607266ee3ca0e0b8f0cb6ccd9272b50c1de4331de541a8f15bfcb5058e557
steps,2,0,1,(0+3)+3=?,6,6,1,21,4f7607266ee3ca0e0b8f0cb6ccd9272b50c1de4331de541a8f15bfcb5058e557
steps,2,1,0,(3+0)+3=?,6,6,1,21,4948a5bca5a835b9bf983084eafce651bf3dec377e09ccfbd2cc507faf4939e6
steps,2,1,1,(3+0)+3=?,6,3,0,21,93167c33819f0645f24d2f37364d2ef90512327d8da460b99e47c2664ad44d4b
steps,2,2,0,(3+3)+0=?,6,6,1,21,cdb1d4b73ae7baa5931138bbf11c30cbdd8b3c6fbcd8475a3edaa194046e70bb
steps,2,2,1,(3+3)+0=?,6,6,1,21,cdb1d4b73ae7baa5931138bbf11c30cbdd8b3c6fbcd8475a3edaa194046e70bb
steps,2,3,0,(0+3)+5=?,8,10,0,23,bfa44ae0f7079ce4b7147763df0923cc90840e5bc37e6f76f4a1a615b852efc9
steps,2,3,1,(0+3)+5=?,8,10,0,23,bfa44ae0f7079ce4b7147763df0923cc90840e5bc37e6f76f4a1a615b852efc9
steps,2,4,0,(0+5)+3=?,8,8,1,21,c4d602c6f8d1f7c3c9c30f810b9656c273c82ee8cf2701ca7fedc54487017616
steps,2,4,1,(0+5)+3=?,8,10,0,23,87fa9ff55ff21abf2192e9d173c98e22a61636f29d302ab27cdcd019a619473a
steps,2,5,0,(3+0)+5=?,8,10,0,23,92f0425362c625a7fae815bd2dd02390856ff705c2bdbcd49b33c74218e2d1e5
steps,2,5,1,(3+0)+5=?,8,10,0,23,92f0425362c625a7fae815bd2dd02390856ff705c2bdbcd49b33c74218e2d1e5
steps,2,6,0,(3+5)+0=?,8,8,1,21,8fe408effa87dd6b76f41c2c4da8840975ac3ab98544a9db895dd33eed4b5013
steps,2,6,1,(3+5)+0=?,8,8,1,21,8fe408effa87dd6b76f41c2c4da8840975ac3ab98544a9db895dd33eed4b5013
steps,2,7,0,(5+0)+3=?,8,10,0,23,e89faa09b8d314dcf44680038eaa0330ffb9a9ed21360a1bc18e5774a386c68c
steps,2,7,1,(5+0)+3=?,8,8,1,21,4196a578fb9c8e2520f65a2e4c15725ae38723bfaee00ec2d22016eace66bee0
steps,2,8,0,(5+3)+0=?,8,8,1,21,e3164730f7f3b677f65437a71da3c6535d1d16a969e8070fdb9d635847ae80a5
steps,2,8,1,(5+3)+0=?,8,9,0,21,2fcefe0b433a63c04d85a2e83bbe33eee24d6b0527e2d4a95f309c76cabd786e
steps,2,9,0,(3+3)+4=?,10,11,0,23,8a9431bd2910775bfca1a77b23a92f9d69a5620020987584a6101a503f68cc87
steps,2,9,1,(3+3)+4=?,10,11,0,23,8a9431bd2910775bfca1a77b23a92f9d69a5620020987584a6101a503f68cc87
steps,2,10,0,(3+4)+3=?,10,11,0,23,cb545127fcb3ac4157a61e7eb823623951a3ff0b25775b74bcba1ee4aa83acf3
steps,2,10,1,(3+4)+3=?,10,11,0,23,cb545127fcb3ac4157a61e7eb823623951a3ff0b25775b74bcba1ee4aa83acf3
steps,2,11,0,(4+3)+3=?,10,11,0,23,ebe872d31531310e1b92823e50e76b19620ea1ef63a67a2b64a42378ae460484
steps,2,11,1,(4+3)+3=?,10,11,0,23,ebe872d31531310e1b92823e50e76b19620ea1ef63a67a2b64a42378ae460484
steps,2,12,0,(0+0)+1=?,1,0,0,21,20df24e8bb62ac6ada26c984ad3f5a8a6faf6419ba0457d5b3184a23d547a301
steps,2,12,1,(0+0)+1=?,1,0,0,21,20df24e8bb62ac6ada26c984ad3f5a8a6faf6419ba0457d5b3184a23d547a301
steps,2,13,0,(0+1)+0=?,1,0,0,21,fa50e1c8e36a4c26e7cc094458989734ca69df3ab8b3d7409fba5f182c5d200c
steps,2,13,1,(0+1)+0=?,1,0,0,21,fa50e1c8e36a4c26e7cc094458989734ca69df3ab8b3d7409fba5f182c5d200c
steps,2,14,0,(1+0)+0=?,1,0,0,21,96db88897856c57e55e50c2bd0f497fb26798c9ecb813e958982b4baa2102137
steps,2,14,1,(1+0)+0=?,1,0,0,21,96db88897856c57e55e50c2bd0f497fb26798c9ecb813e958982b4baa2102137
steps,2,15,0,(0+1)+2=?,3,4,0,21,a9586f80bb688a29b75502c78656dff4b34b14108c9e98e07cabc634b87f6bc2
steps,2,15,1,(0+1)+2=?,3,4,0,21,a9586f80bb688a29b75502c78656dff4b34b14108c9e98e07cabc634b87f6bc2
steps,2,16,0,(0+2)+1=?,3,3,1,21,24e62d0c81eac2dbf950903236862c8c567018e3e2c330f7ee09ae66b6446728
steps,2,16,1,(0+2)+1=?,3,3,1,21,24e62d0c81eac2dbf950903236862c8c567018e3e2c330f7ee09ae66b6446728
steps,2,17,0,(1+0)+2=?,3,4,0,21,15509a3fe46e0d1b5904f20abc04dee082e1d224e06bb1fc7cc67914e1c46f5a
steps,2,17,1,(1+0)+2=?,3,4,0,21,15509a3fe46e0d1b5904f20abc04dee082e1d224e06bb1fc7cc67914e1c46f5a
steps,2,18,0,(1+2)+0=?,3,3,1,21,4bf7a3c310fd3907b3710fe395907d7d42b96e00bff59d4c33a9bce23010db55
steps,2,18,1,(1+2)+0=?,3,3,1,21,4bf7a3c310fd3907b3710fe395907d7d42b96e00bff59d4c33a9bce23010db55
steps,2,19,0,(2+0)+1=?,3,3,1,21,4b29a9342682e830f0eb31c0d41362624755fc879cc3095ce8eb1fbf453277f6
steps,2,19,1,(2+0)+1=?,3,3,1,21,4b29a9342682e830f0eb31c0d41362624755fc879cc3095ce8eb1fbf453277f6
steps,2,20,0,(2+1)+0=?,3,3,1,21,d89c03c7541b2a22b5c59ed58c3dde56c9fcfaf4b4168e1bf5acfb60f0540633
steps,2,20,1,(2+1)+0=?,3,3,1,21,d89c03c7541b2a22b5c59ed58c3dde56c9fcfaf4b4168e1bf5acfb60f0540633
steps,2,21,0,(2+3)+3=?,8,10,0,23,91808162b7552267836584ccba17f9eb9874e8ec4b150ae29b696cbad66361e7
steps,2,21,1,(2+3)+3=?,8,9,0,21,63024c2a75b6b25b0843ccbe45e5c1310f0e8792b56da5d64e3f561a98e2efc6
steps,2,22,0,(3+2)+3=?,8,8,1,21,ca0c9c4dea522042a6e72f424eab8475475a39193cd6f605eb3b8328fc5a3759
steps,2,22,1,(3+2)+3=?,8,8,1,21,ca0c9c4dea522042a6e72f424eab8475475a39193cd6f605eb3b8328fc5a3759
steps,2,23,0,(3+3)+2=?,8,8,1,21,c7d98758cb738a65a949afe94644581c7578dab9b3643b241ee3be2d3f094443
steps,2,23,1,(3+3)+2=?,8,8,1,21,c7d98758cb738a65a949afe94644581c7578dab9b3643b241ee3be2d3f094443
steps,4,0,0,(0+3)+3=?,6,3,0,21,a1d87e81490b47727cfc6cc2dade1ce301c5b282d58e8a4da6931e2e3994f1f4
steps,4,0,1,(0+3)+3=?,6,6,1,21,4f7607266ee3ca0e0b8f0cb6ccd9272b50c1de4331de541a8f15bfcb5058e557
steps,4,0,2,(0+3)+3=?,6,6,1,21,4f7607266ee3ca0e0b8f0cb6ccd9272b50c1de4331de541a8f15bfcb5058e557
steps,4,0,3,(0+3)+3=?,6,13,0,23,58a30390c69e03c3b8fadda3c9cb2dfea70e80ba8f29bcaff67395cee71b9b90
steps,4,1,0,(3+0)+3=?,6,6,1,21,4948a5bca5a835b9bf983084eafce651bf3dec377e09ccfbd2cc507faf4939e6
steps,4,1,1,(3+0)+3=?,6,5,0,21,58c6421b9eb735c1fc58ec10622fb30eaa4dab5485050b1754c0333d97008932
steps,4,1,2,(3+0)+3=?,6,6,1,21,4948a5bca5a835b9bf983084eafce651bf3dec377e09ccfbd2cc507faf4939e6
steps,4,1,3,(3+0)+3=?,6,6,1,21,4948a5bca5a835b9bf983084eafce651bf3dec377e09ccfbd2cc507faf4939e6
steps,4,2,0,(3+3)+0=?,6,6,1,21,cdb1d4b73ae7baa5931138bbf11c30cbdd8b3c6fbcd8475a3edaa194046e70bb
steps,4,2,1,(3+3)+0=?,6,6,1,21,cdb1d4b73ae7baa5931138bbf11c30cbdd8b3c6fbcd8475a3edaa194046e70bb
steps,4,2,2,(3+3)+0=?,6,6,1,21,cdb1d4b73ae7baa5931138bbf11c30cbdd8b3c6fbcd8475a3edaa194046e70bb
steps,4,2,3,(3+3)+0=?,6,6,1,21,cdb1d4b73ae7baa5931138bbf11c30cbdd8b3c6fbcd8475a3edaa194046e70bb
steps,4,3,0,(0+3)+5=?,8,10,0,23,bfa44ae0f7079ce4b7147763df0923cc90840e5bc37e6f76f4a1a615b852efc9
steps,4,3,1,(0+3)+5=?,8,10,0,23,bfa44ae0f7079ce4b7147763df0923cc90840e5bc37e6f76f4a1a615b852efc9
steps,4,3,2,(0+3)+5=?,8,10,0,23,bfa44ae0f7079ce4b7147763df0923cc90840e5bc37e6f76f4a1a615b852efc9
steps,4,3,3,(0+3)+5=?,8,10,0,23,bfa44ae0f7079ce4b7147763df0923cc90840e5bc37e6f76f4a1a615b852efc9
steps,4,4,0,(0+5)+3=?,8,10,0,23,87fa9ff55ff21abf2192e9d173c98e22a61636f29d302ab27cdcd019a619473a
steps,4,4,1,(0+5)+3=?,8,10,0,23,87fa9ff55ff21abf2192e9d173c98e22a61636f29d302ab27cdcd019a619473a
steps,4,4,2,(0+5)+3=?,8,10,0,23,87fa9ff55ff21abf2192e9d173c98e22a61636f29d302ab27cdcd019a619473a
steps,4,4,3,(0+5)+3=?,8,10,0,23,87fa9ff55ff21abf2192e9d173c98e22a61636f29d302ab27cdcd019a619473a
steps,4,5,0,(3+0)+5=?,8,10,0,23,92f0425362c625a7fae815bd2dd02390856ff705c2bdbcd49b33c74218e2d1e5
steps,4,5,1,(3+0)+5=?,8,10,0,23,92f0425362c625a7fae815bd2dd02390856ff705c2bdbcd49b33c74218e2d1e5
steps,4,5,2,(3+0)+5=?,8,10,0,23,92f0425362c625a7fae815bd2dd02390856ff705c2bdbcd49b33c74218e2d1e5
steps,4,5,3,(3+0)+5=?,8,10,0,23,92f0425362c625a7fae815bd2dd02390856ff705c2bdbcd49b33c74218e2d1e5
steps,4,6,0,(3+5)+0=?,8,8,1,21,8fe408effa87dd6b76f41c2c4da8840975ac3ab98544a9db895dd33eed4b5013
steps,4,6,1,(3+5)+0=?,8,8,1,21,8fe408effa87dd6b76f41c2c4da8840975ac3ab98544a9db895dd33eed4b5013
steps,4,6,2,(3+5)+0=?,8,8,1,21,8fe408effa87dd6b76f41c2c4da8840975ac3ab98544a9db895dd33eed4b5013
steps,4,6,3,(3+5)+0=?,8,8,1,21,8fe408effa87dd6b76f41c2c4da8840975ac3ab98544a9db895dd33eed4b5013
steps,4,7,0,(5+0)+3=?,8,8,1,21,4196a578fb9c8e2520f65a2e4c15725ae38723bfaee00ec2d22016eace66bee0
steps,4,7,1,(5+0)+3=?,8,8,1,21,4196a578fb9c8e2520f65a2e4c15725ae38723bfaee00ec2d22016eace66bee0
steps,4,7,2,(5+0)+3=?,8,10,0,23,e89faa09b8d314dcf44680038eaa0330ffb9a9ed21360a1bc18e5774a386c68c
steps,4,7,3,(5+0)+3=?,8,8,1,21,4196a578fb9c8e2520f65a2e4c15725ae38723bfaee00ec2d22016eace66bee0
steps,4,8,0,(5+3)+0=?,8,8,1,21,e3164730f7f3b677f65437a71da3c6535d1d16a969e8070fdb9d635847ae80a5
steps,4,8,1,(5+3)+0=?,8,8,1,21,e3164730f7f3b677f65437a71da3c6535d1d16a969e8070fdb9d635847ae80a5
steps,4,8,2,(5+3)+0=?,8,8,1,21,e3164730f7f3b677f65437a71da3c6535d1d16a969e8070fdb9d635847ae80a5
steps,4,8,3,(5+3)+0=?,8,9,0,21,2fcefe0b433a63c04d85a2e83bbe33eee24d6b0527e2d4a95f309c76cabd786e
steps,4,9,0,(3+3)+4=?,10,11,0,23,8a9431bd2910775bfca1a77b23a92f9d69a5620020987584a6101a503f68cc87
steps,4,9,1,(3+3)+4=?,10,11,0,23,8a9431bd2910775bfca1a77b23a92f9d69a5620020987584a6101a503f68cc87
steps,4,9,2,(3+3)+4=?,10,11,0,23,8a9431bd2910775bfca1a77b23a92f9d69a5620020987584a6101a503f68cc87
steps,4,9,3,(3+3)+4=?,10,11,0,23,8a9431bd2910775bfca1a77b23a92f9d69a5620020987584a6101a503f68cc87
steps,4,10,0,(3+4)+3=?,10,11,0,23,cb545127fcb3ac4157a61e7eb823623951a3ff0b25775b74bcba1ee4aa83acf3
steps,4,10,1,(3+4)+3=?,10,11,0,23,cb545127fcb3ac4157a61e7eb823623951a3ff0b25775b74bcba1ee4aa83acf3
steps,4,10,2,(3+4)+3=?,10,11,0,23,cb545127fcb3ac4157a61e7eb823623951a3ff0b25775b74bcba1ee4aa83acf3
steps,4,10,3,(3+4)+3=?,10,11,0,23,cb545127fcb3ac4157a61e7eb823623951a3ff0b25775b74bcba1ee4aa83acf3
steps,4,11,0,(4+3)+3=?,10,11,0,23,ebe872d31531310e1b92823e50e76b19620ea1ef63a67a2b64a42378ae460484
steps,4,11,1,(4+3)+3=?,10,11,0,23,ebe872d31531310e1b92823e50e76b19620ea1ef63a67a2b64a42378ae460484
steps,4,11,2,(4+3)+3=?,10,11,0,23,ebe872d31531310e1b92823e50e76b19620ea1ef63a67a2b64a42378ae460484
steps,4,11,3,(4+3)+3=?,10,11,0,23,ebe872d31531310e1b92823e50e76b19620ea1ef63a67a2b64a42378ae460484
steps,4,12,0,(0+0)+1=?,1,0,0,21,20df24e8bb62ac6ada26c984ad3f5a8a6faf6419ba0457d5b3184a23d547a301
steps,4,12,1,(0+0)+1=?,1,0,0,21,20df24e8bb62ac6ada26c984ad3f5a8a6faf6419ba0457d5b3184a23d547a301
steps,4,12,2,(0+0)+1=?,1,0,0,21,20df24e8bb62ac6ada26c984ad3f5a8a6faf6419ba0457d5b3184a23d547a301
steps,4,12,3,(0+0)+1=?,1,0,0,21,20df24e8bb62ac6ada26c984ad3f5a8a6faf6419ba0457d5b3184a23d547a301
steps,4,13,0,(0+1)+0=?,1,0,0,21,fa50e1c8e36a4c26e7cc094458989734ca69df3ab8b3d7409fba5f182c5d200c
steps,4,13,1,(0+1)+0=?,1,0,0,21,fa50e1c8e36a4c26e7cc094458989734ca69df3ab8b3d7409fba5f182c5d200c
steps,4,13,2,(0+1)+0=?,1,0,0,21,fa50e1c8e36a4c26e7cc094458989734ca69df3ab8b3d7409fba5f182c5d200c
steps,4,13,3,(0+1)+0=?,1,0,0,21,fa50e1c8e36a4c26e7cc094458989734ca69df3ab8b3d7409fba5f182c5d200c
steps,4,14,0,(1+0)+0=?,1,0,0,21,96db88897856c57e55e50c2bd0f497fb26798c9ecb813e958982b4baa2102137
steps,4,14,1,(1+0)+0=?,1,0,0,21,96db88897856c57e55e50c2bd0f497fb26798c9ecb813e958982b4baa2102137
steps,4,14,2,(1+0)+0=?,1,0,0,21,96db88897856c57e55e50c2bd0f497fb26798c9ecb813e958982b4baa2102137
steps,4,14,3,(1+0)+0=?,1,2,0,21,e7d0dc6a41532330da8473cc079d9c8f8c7645352490d1a4e4d2990074e5f11e
steps,4,15,0,(0+1)+2=?,3,4,0,21,a9586f80bb688a29b75502c78656dff4b34b14108c9e98e07cabc634b87f6bc2
steps,4,15,1,(0+1)+2=?,3,4,0,21,a9586f80bb688a29b75502c78656dff4b34b14108c9e98e07cabc634b87f6bc2
steps,4,15,2,(0+1)+2=?,3,4,0,21,a9586f80bb688a29b75502c78656dff4b34b14108c9e98e07cabc634b87f6bc2
steps,4,15,3,(0+1)+2=?,3,4,0,21,a9586f80bb688a29b75502c78656dff4b34b14108c9e98e07cabc634b87f6bc2
steps,4,16,0,(0+2)+1=?,3,3,1,21,24e62d0c81eac2dbf950903236862c8c567018e3e2c330f7ee09ae66b6446728
steps,4,16,1,(0+2)+1=?,3,3,1,21,24e62d0c81eac2dbf950903236862c8c567018e3e2c330f7ee09ae66b6446728
steps,4,16,2,(0+2)+1=?,3,3,1,21,24e62d0c81eac2dbf950903236862c8c567018e3e2c330f7ee09ae66b6446728
steps,4,16,3,(0+2)+1=?,3,3,1,21,24e62d0c81eac2dbf950903236862c8c567018e3e2c330f7ee09ae66b6446728
steps,4,17,0,(1+0)+2=?,3,4,0,21,15509a3fe46e0d1b5904f20abc04dee082e1d224e06bb1fc7cc67914e1c46f5a
steps,4,17,1,(1+0)+2=?,3,4,0,21,15509a3fe46e0d1b5904f20abc04dee082e1d224e06bb1fc7cc67914e1c46f5a
steps,4,17,2,(1+0)+2=?,3,4,0,21,15509a3fe46e0d1b5904f20abc04dee082e1d224e06bb1fc7cc67914e1c46f5a
steps,4,17,3,(1+0)+2=?,3,4,0,21,15509a3fe46e0d1b5904f20abc04dee082e1d224e06bb1fc7cc67914e1c46f5a
steps,4,18,0,(1+2)+0=?,3,3,1,21,4bf7a3c310fd3907b3710fe395907d7d42b96e00bff59d4c33a9bce23010db55
steps,4,18,1,(1+2)+0=?,3,3,1,21,4bf7a3c310fd3907b3710fe395907d7d42b96e00bff59d4c33a9bce23010db55
steps,4,18,2,(1+2)+0=?,3,3,1,21,4bf7a3c310fd3907b3710fe395907d7d42b96e00bff59d4c33a9bce23010db55
steps,4,18,3,(1+2)+0=?,3,3,1,21,4bf7a3c310fd3907b3710fe395907d7d42b96e00bff59d4c33a9bce23010db55
steps,4,19,0,(2+0)+1=?,3,3,1,21,4b29a9342682e830f0eb31c0d41362624755fc879cc3095ce8eb1fbf453277f6
steps,4,19,1,(2+0)+1=?,3,3,1,21,4b29a9342682e830f0eb31c0d41362624755fc879cc3095ce8eb1fbf453277f6
steps,4,19,2,(2+0)+1=?,3,3,1,21,4b29a9342682e830f0eb31c0d41362624755fc879cc3095ce8eb1fbf453277f6
steps,4,19,3,(2+0)+1=?,3,3,1,21,4b29a9342682e830f0eb31c0d41362624755fc879cc3095ce8eb1fbf453277f6
steps,4,20,0,(2+1)+0=?,3,3,1,21,d89c03c7541b2a22b5c59ed58c3dde56c9fcfaf4b4168e1bf5acfb60f0540633
steps,4,20,1,(2+1)+0=?,3,3,1,21,d89c03c7541b2a22b5c59ed58c3dde56c9fcfaf4b4168e1bf5acfb60f0540633
steps,4,20,2,(2+1)+0=?,3,3,1,21,d89c03c7541b2a22b5c59ed58c3dde56c9fcfaf4b4168e1bf5acfb60f0540633
steps,4,20,3,(2+1)+0=?,3,3,1,21,d89c03c7541b2a22b5c59ed58c3dde56c9fcfaf4b4168e1bf5acfb60f0540633
steps,4,21,0,(2+3)+3=?,8,9,0,21,63024c2a75b6b25b0843ccbe45e5c1310f0e8792b56da5d64e3f561a98e2efc6
steps,4,21,1,(2+3)+3=?,8,10,0,23,91808162b7552267836584ccba17f9eb9874e8ec4b150ae29b696cbad66361e7
steps,4,21,2,(2+3)+3=?,8,10,0,23,91808162b7552267836584ccba17f9eb9874e8ec4b150ae29b696cbad66361e7
steps,4,21,3,(2+3)+3=?,8,8,1,21,18985e179c3ac9df06ba17fe40ce6530cd11ddb3de9518955bc93c200f249f5a
steps,4,22,0,(3+2)+3=?,8,8,1,21,ca0c9c4dea522042a6e72f424eab8475475a39193cd6f605eb3b8328fc5a3759
steps,4,22,1,(3+2)+3=?,8,9,0,21,9ffabb47403c286a76697c8a8915d13a5c4b8270f875afce6195026395309a4c
steps,4,22,2,(3+2)+3=?,8,8,1,21,ca0c9c4dea522042a6e72f424eab8475475a39193cd6f605eb3b8328fc5a3759
steps,4,22,3,(3+2)+3=?,8,8,1,21,ca0c9c4dea522042a6e72f424eab8475475a39193cd6f605eb3b8328fc5a3759
steps,4,23,0,(3+3)+2=?,8,8,1,21,c7d98758cb738a65a949afe94644581c7578dab9b3643b241ee3be2d3f094443
steps,4,23,1,(3+3)+2=?,8,8,1,21,c7d98758cb738a65a949afe94644581c7578dab9b3643b241ee3be2d3f094443
steps,4,23,2,(3+3)+2=?,8,8,1,21,c7d98758cb738a65a949afe94644581c7578dab9b3643b241ee3be2d3f094443
steps,4,23,3,(3+3)+2=?,8,8,1,21,c7d98758cb738a65a949afe94644581c7578dab9b3643b241ee3be2d3f094443
steps,8,0,0,(0+3)+3=?,6,5,0,21,d9ba90912324bf9aadb2f1c811ee29721a6387989e732269247e5eb3f20c0dfb
steps,8,0,1,(0+3)+3=?,6,3,0,21,a1d87e81490b47727cfc6cc2dade1ce301c5b282d58e8a4da6931e2e3994f1f4
steps,8,0,2,(0+3)+3=?,6,3,0,21,a1d87e81490b47727cfc6cc2dade1ce301c5b282d58e8a4da6931e2e3994f1f4
steps,8,0,3,(0+3)+3=?,6,6,1,21,4f7607266ee3ca0e0b8f0cb6ccd9272b50c1de4331de541a8f15bfcb5058e557
steps,8,0,4,(0+3)+3=?,6,6,1,21,4f7607266ee3ca0e0b8f0cb6ccd9272b50c1de4331de541a8f15bfcb5058e557
steps,8,0,5,(0+3)+3=?,6,6,1,21,4f7607266ee3ca0e0b8f0cb6ccd9272b50c1de4331de541a8f15bfcb5058e557
steps,8,0,6,(0+3)+3=?,6,3,0,21,a1d87e81490b47727cfc6cc2dade1ce301c5b282d58e8a4da6931e2e3994f1f4
steps,8,0,7,(0+3)+3=?,6,6,1,21,4f7607266ee3ca0e0b8f0cb6ccd9272b50c1de4331de541a8f15bfcb5058e557
steps,8,1,0,(3+0)+3=?,6,6,1,21,4948a5bca5a835b9bf983084eafce651bf3dec377e09ccfbd2cc507faf4939e6
steps,8,1,1,(3+0)+3=?,6,6,1,21,4948a5bca5a835b9bf983084eafce651bf3dec377e09ccfbd2cc507faf4939e6
steps,8,1,2,(3+0)+3=?,6,6,1,21,4948a5bca5a835b9bf983084eafce651bf3dec377e09ccfbd2cc507faf4939e6
steps,8,1,3,(3+0)+3=?,6,6,1,21,4948a5bca5a835b9bf983084eafce651bf3dec377e09ccfbd2cc507faf4939e6
steps,8,1,4,(3+0)+3=?,6,6,1,21,4948a5bca5a835b9bf983084eafce651bf3dec377e09ccfbd2cc507faf4939e6
steps,8,1,5,(3+0)+3=?,6,6,1,21,4948a5bca5a835b9bf983084eafce651bf3dec377e09ccfbd2cc507faf4939e6
steps,8,1,6,(3+0)+3=?,6,6,1,21,4948a5bca5a835b9bf983084eafce651bf3dec377e09ccfbd2cc507faf4939e6
steps,8,1,7,(3+0)+3=?,6,6,1,21,4948a5bca5a835b9bf983084eafce651bf3dec377e09ccfbd2cc507faf4939e6
steps,8,2,0,(3+3)+0=?,6,6,1,21,cdb1d4b73ae7baa5931138bbf11c30cbdd8b3c6fbcd8475a3edaa194046e70bb
steps,8,2,1,(3+3)+0=?,6,6,1,21,cdb1d4b73ae7baa5931138bbf11c30cbdd8b3c6fbcd8475a3edaa194046e70bb
steps,8,2,2,(3+3)+0=?,6,6,1,21,cdb1d4b73ae7baa5931138bbf11c30cbdd8b3c6fbcd8475a3edaa194046e70bb
steps,8,2,3,(3+3)+0=?,6,6,1,21,cdb1d4b73ae7baa5931138bbf11c30cbdd8b3c6fbcd8475a3edaa194046e70bb
steps,8,2,4,(3+3)+0=?,6,6,1,21,cdb1d4b73ae7baa5931138bbf11c30cbdd8b3c6fbcd8475a3edaa194046e70bb
steps,8,2,5,(3+3)+0=?,6,6,1,21,cdb1d4b73ae7baa5931138bbf11c30cbdd8b3c6fbcd8475a3edaa194046e70bb
steps,8,2,6,(3+3)+0=?,6,6,1,21,cdb1d4b73ae7baa5931138bbf11c30cbdd8b3c6fbcd8475a3edaa194046e70bb
steps,8,2,7,(3+3)+0=?,6,6,1,21,cdb1d4b73ae7baa5931138bbf11c30cbdd8b3c6fbcd8475a3edaa194046e70bb
steps,8,3,0,(0+3)+5=?,8,10,0,23,bfa44ae0f7079ce4b7147763df0923cc90840e5bc37e6f76f4a1a615b852efc9
steps,8,3,1,(0+3)+5=?,8,10,0,23,bfa44ae0f7079ce4b7147763df0923cc90840e5bc37e6f76f4a1a615b852efc9
steps,8,3,2,(0+3)+5=?,8,10,0,23,bfa44ae0f7079ce4b7147763df0923cc90840e5bc37e6f76f4a1a615b852efc9
steps,8,3,3,(0+3)+5=?,8,10,0,23,bfa44ae0f7079ce4b7147763df0923cc90840e5bc37e6f76f4a1a615b852efc9
steps,8,3,4,(0+3)+5=?,8,10,0,23,bfa44ae0f7079ce4b7147763df0923cc90840e5bc37e6f76f4a1a615b852efc9
steps,8,3,5,(0+3)+5=?,8,10,0,23,bfa44ae0f7079ce4b7147763df0923cc90840e5bc37e6f76f4a1a615b852efc9
steps,8,3,6,(0+3)+5=?,8,10,0,23,bfa44ae0f7079ce4b7147763df0923cc90840e5bc37e6f76f4a1a615b852efc9
steps,8,3,7,(0+3)+5=?,8,10,0,23,bfa44ae0f7079ce4b7147763df0923cc90840e5bc37e6f76f4a1a615b852efc9
steps,8,4,0,(0+5)+3=?,8,10,0,23,87fa9ff55ff21abf2192e9d173c98e22a61636f29d302ab27cdcd019a619473a
steps,8,4,1,(0+5)+3=?,8,10,0,23,87fa9ff55ff21abf2192e9d173c98e22a61636f29d302ab27cdcd019a619473a
steps,8,4,2,(0+5)+3=?,8,10,0,23,87fa9ff55ff21abf2192e9d173c98e22a61636f29d302ab27cdcd019a619473a
steps,8,4,3,(0+5)+3=?,8,8,1,21,c4d602c6f8d1f7c3c9c30f810b9656c273c82ee8cf2701ca7fedc54487017616
steps,8,4,4,(0+5)+3=?,8,10,0,23,87fa9ff55ff21abf2192e9d173c98e22a61636f29d302ab27cdcd019a619473a
steps,8,4,5,(0+5)+3=?,8,8,1,21,c4d602c6f8d1f7c3c9c30f810b9656c273c82ee8cf2701ca7fedc54487017616
steps,8,4,6,(0+5)+3=?,8,10,0,23,87fa9ff55ff21abf2192e9d173c98e22a61636f29d302ab27cdcd019a619473a
steps,8,4,7,(0+5)+3=?,8,8,1,21,c4d602c6f8d1f7c3c9c30f810b9656c273c82ee8cf2701ca7fedc54487017616
steps,8,5,0,(3+0)+5=?,8,10,0,23,92f0425362c625a7fae815bd2dd02390856ff705c2bdbcd49b33c74218e2d1e5
steps,8,5,1,(3+0)+5=?,8,10,0,23,92f0425362c625a7fae815bd2dd02390856ff705c2bdbcd49b33c74218e2d1e5
steps,8,5,2,(3+0)+5=?,8,10,0,23,92f0425362c625a7fae815bd2dd02390856ff705c2bdbcd49b33c74218e2d1e5
steps,8,5,3,(3+0)+5=?,8,10,0,23,92f0425362c625a7fae815bd2dd02390856ff705c2bdbcd49b33c74218e2d1e5
steps,8,5,4,(3+0)+5=?,8,10,0,23,92f0425362c625a7fae815bd2dd02390856ff705c2bdbcd49b33c74218e2d1e5
steps,8,5,5,(3+0)+5=?,8,10,0,23,92f0425362c625a7fae815bd2dd02390856ff705c2bdbcd49b33c74218e2d1e5
steps,8,5,6,(3+0)+5=?,8,10,0,23,92f0425362c625a7fae815bd2dd02390856ff705c2bdbcd49b33c74218e2d1e5
steps,8,5,7,(3+0)+5=?,8,10,0,23,92f0425362c625a7fae815bd2dd02390856ff705c2bdbcd49b33c74218e2d1e5
steps,8,6,0,(3+5)+0=?,8,8,1,21,8fe408effa87dd6b76f41c2c4da8840975ac3ab98544a9db895dd33eed4b5013
steps,8,6,1,(3+5)+0=?,8,8,1,21,8fe408effa87dd6b76f41c2c4da8840975ac3ab98544a9db895dd33eed4b5013
steps,8,6,2,(3+5)+0=?,8,8,1,21,8fe408effa87dd6b76f41c2c4da8840975ac3ab98544a9db895dd33eed4b5013
steps,8,6,3,(3+5)+0=?,8,8,1,21,8fe408effa87dd6b76f41c2c4da8840975ac3ab98544a9db895dd33eed4b5013
steps,8,6,4,(3+5)+0=?,8,8,1,21,8fe408effa87dd6b76f41c2c4da8840975ac3ab98544a9db895dd33eed4b5013
steps,8,6,5,(3+5)+0=?,8,8,1,21,8fe408effa87dd6b76f41c2c4da8840975ac3ab98544a9db895dd33eed4b5013
steps,8,6,6,(3+5)+0=?,8,8,1,21,8fe408effa87dd6b76f41c2c4da8840975ac3ab98544a9db895dd33eed4b5013
steps,8,6,7,(3+5)+0=?,8,8,1,21,8fe408effa87dd6b76f41c2c4da8840975ac3ab98544a9db895dd33eed4b5013
steps,8,7,0,(5+0)+3=?,8,8,1,21,4196a578fb9c8e2520f65a2e4c15725ae38723bfaee00ec2d22016eace66bee0
steps,8,7,1,(5+0)+3=?,8,8,1,21,4196a578fb9c8e2520f65a2e4c15725ae38723bfaee00ec2d22016eace66bee0
steps,8,7,2,(5+0)+3=?,8,10,0,23,e89faa09b8d314dcf44680038eaa0330ffb9a9ed21360a1bc18e5774a386c68c
steps,8,7,3,(5+0)+3=?,8,10,0,23,e89faa09b8d314dcf44680038eaa0330ffb9a9ed21360a1bc18e5774a386c68c
steps,8,7,4,(5+0)+3=?,8,10,0,23,e89faa09b8d314dcf44680038eaa0330ffb9a9ed21360a1bc18e5774a386c68c
steps,8,7,5,(5+0)+3=?,8,8,1,21,4196a578fb9c8e2520f65a2e4c15725ae38723bfaee00ec2d22016eace66bee0
steps,8,7,6,(5+0)+3=?,8,8,1,21,4196a578fb9c8e2520f65a2e4c15725ae38723bfaee00ec2d22016eace66bee0
steps,8,7,7,(5+0)+3=?,8,9,0,21,39b84ddb0a7114d436a01f5f37e7812c7eb0484c7bd9acaecde2d618486954f5
steps,8,8,0,(5+3)+0=?,8,8,1,21,e3164730f7f3b677f65437a71da3c6535d1d16a969e8070fdb9d635847ae80a5
steps,8,8,1,(5+3)+0=?,8,8,1,21,e3164730f7f3b677f65437a71da3c6535d1d16a969e8070fdb9d635847ae80a5
steps,8,8,2,(5+3)+0=?,8,8,1,21,e3164730f7f3b677f65437a71da3c6535d1d16a969e8070fdb9d635847ae80a5
steps,8,8,3,(5+3)+0=?,8,8,1,21,e3164730f7f3b677f65437a71da3c6535d1d16a969e8070fdb9d635847ae80a5
steps,8,8,4,(5+3)+0=?,8,8,1,21,e3164730f7f3b677f65437a71da3c6535d1d16a969e8070fdb9d635847ae80a5
steps,8,8,5,(5+3)+0=?,8,8,1,21,e3164730f7f3b677f65437a71da3c6535d1d16a969e8070fdb9d635847ae80a5
steps,8,8,6,(5+3)+0=?,8,8,1,21,e3164730f7f3b677f65437a71da3c6535d1d16a969e8070fdb9d635847ae80a5
steps,8,8,7,(5+3)+0=?,8,8,1,21,e3164730f7f3b677f65437a71da3c6535d1d16a969e8070fdb9d635847ae80a5
steps,8,9,0,(3+3)+4=?,10,9,0,21,8f28aea3d038f0b0ae4dd41e02ed64c58e4ef61a9d08ffc48e5f9c502416ed24
steps,8,9,1,(3+3)+4=?,10,11,0,23,8a9431bd2910775bfca1a77b23a92f9d69a5620020987584a6101a503f68cc87
steps,8,9,2,(3+3)+4=?,10,9,0,21,8f28aea3d038f0b0ae4dd41e02ed64c58e4ef61a9d08ffc48e5f9c502416ed24
steps,8,9,3,(3+3)+4=?,10,9,0,21,8f28aea3d038f0b0ae4dd41e02ed64c58e4ef61a9d08ffc48e5f9c502416ed24
steps,8,9,4,(3+3)+4=?,10,11,0,23,8a9431bd2910775bfca1a77b23a92f9d69a5620020987584a6101a503f68cc87
steps,8,9,5,(3+3)+4=?,10,11,0,23,8a9431bd2910775bfca1a77b23a92f9d69a5620020987584a6101a503f68cc87
steps,8,9,6,(3+3)+4=?,10,11,0,23,8a9431bd2910775bfca1a77b23a92f9d69a5620020987584a6101a503f68cc87
steps,8,9,7,(3+3)+4=?,10,11,0,23,8a9431bd2910775bfca1a77b23a92f9d69a5620020987584a6101a503f68cc87
steps,8,10,0,(3+4)+3=?,10,11,0,23,cb545127fcb3ac4157a61e7eb823623951a3ff0b25775b74bcba1ee4aa83acf3
steps,8,10,1,(3+4)+3=?,10,11,0,23,cb545127fcb3ac4157a61e7eb823623951a3ff0b25775b74bcba1ee4aa83acf3
steps,8,10,2,(3+4)+3=?,10,11,0,23,cb545127fcb3ac4157a61e7eb823623951a3ff0b25775b74bcba1ee4aa83acf3
steps,8,10,3,(3+4)+3=?,10,11,0,23,cb545127fcb3ac4157a61e7eb823623951a3ff0b25775b74bcba1ee4aa83acf3
steps,8,10,4,(3+4)+3=?,10,11,0,23,cb545127fcb3ac4157a61e7eb823623951a3ff0b25775b74bcba1ee4aa83acf3
steps,8,10,5,(3+4)+3=?,10,11,0,23,cb545127fcb3ac4157a61e7eb823623951a3ff0b25775b74bcba1ee4aa83acf3
steps,8,10,6,(3+4)+3=?,10,11,0,23,cb545127fcb3ac4157a61e7eb823623951a3ff0b25775b74bcba1ee4aa83acf3
steps,8,10,7,(3+4)+3=?,10,11,0,23,cb545127fcb3ac4157a61e7eb823623951a3ff0b25775b74bcba1ee4aa83acf3
steps,8,11,0,(4+3)+3=?,10,11,0,23,ebe872d31531310e1b92823e50e76b19620ea1ef63a67a2b64a42378ae460484
steps,8,11,1,(4+3)+3=?,10,11,0,23,ebe872d31531310e1b92823e50e76b19620ea1ef63a67a2b64a42378ae460484
steps,8,11,2,(4+3)+3=?,10,11,0,23,ebe872d31531310e1b92823e50e76b19620ea1ef63a67a2b64a42378ae460484
steps,8,11,3,(4+3)+3=?,10,11,0,23,ebe872d31531310e1b92823e50e76b19620ea1ef63a67a2b64a42378ae460484
steps,8,11,4,(4+3)+3=?,10,11,0,23,ebe872d31531310e1b92823e50e76b19620ea1ef63a67a2b64a42378ae460484
steps,8,11,5,(4+3)+3=?,10,11,0,23,ebe872d31531310e1b92823e50e76b19620ea1ef63a67a2b64a42378ae460484
steps,8,11,6,(4+3)+3=?,10,11,0,23,ebe872d31531310e1b92823e50e76b19620ea1ef63a67a2b64a42378ae460484
steps,8,11,7,(4+3)+3=?,10,11,0,23,ebe872d31531310e1b92823e50e76b19620ea1ef63a67a2b64a42378ae460484
steps,8,12,0,(0+0)+1=?,1,0,0,21,20df24e8bb62ac6ada26c984ad3f5a8a6faf6419ba0457d5b3184a23d547a301
steps,8,12,1,(0+0)+1=?,1,0,0,21,20df24e8bb62ac6ada26c984ad3f5a8a6faf6419ba0457d5b3184a23d547a301
steps,8,12,2,(0+0)+1=?,1,0,0,21,20df24e8bb62ac6ada26c984ad3f5a8a6faf6419ba0457d5b3184a23d547a301
steps,8,12,3,(0+0)+1=?,1,0,0,21,20df24e8bb62ac6ada26c984ad3f5a8a6faf6419ba0457d5b3184a23d547a301
steps,8,12,4,(0+0)+1=?,1,0,0,21,20df24e8bb62ac6ada26c984ad3f5a8a6faf6419ba0457d5b3184a23d547a301
steps,8,12,5,(0+0)+1=?,1,0,0,21,20df24e8bb62ac6ada26c984ad3f5a8a6faf6419ba0457d5b3184a23d547a301
steps,8,12,6,(0+0)+1=?,1,0,0,21,20df24e8bb62ac6ada26c984ad3f5a8a6faf6419ba0457d5b3184a23d547a301
steps,8,12,7,(0+0)+1=?,1,0,0,21,20df24e8bb62ac6ada26c984ad3f5a8a6faf6419ba0457d5b3184a23d547a301
steps,8,13,0,(0+1)+0=?,1,0,0,21,fa50e1c8e36a4c26e7cc094458989734ca69df3ab8b3d7409fba5f182c5d200c
steps,8,13,1,(0+1)+0=?,1,0,0,21,fa50e1c8e36a4c26e7cc094458989734ca69df3ab8b3d7409fba5f182c5d200c
steps,8,13,2,(0+1)+0=?,1,0,0,21,fa50e1c8e36a4c26e7cc094458989734ca69df3ab8b3d7409fba5f182c5d200c
steps,8,13,3,(0+1)+0=?,1,0,0,21,fa50e1c8e36a4c26e7cc094458989734ca69df3ab8b3d7409fba5f182c5d200c
steps,8,13,4,(0+1)+0=?,1,0,0,21,fa50e1c8e36a4c26e7cc094458989734ca69df3ab8b3d7409fba5f182c5d200c
steps,8,13,5,(0+1)+0=?,1,0,0,21,fa50e1c8e36a4c26e7cc094458989734ca69df3ab8b3d7409fba5f182c5d200c
steps,8,13,6,(0+1)+0=?,1,0,0,21,fa50e1c8e36a4c26e7cc094458989734ca69df3ab8b3d7409fba5f182c5d200c
steps,8,13,7,(0+1)+0=?,1,0,0,21,fa50e1c8e36a4c26e7cc094458989734ca69df3ab8b3d7409fba5f182c5d200c
steps,8,14,0,(1+0)+0=?,1,0,0,21,96db88897856c57e55e50c2bd0f497fb26798c9ecb813e958982b4baa2102137
steps,8,14,1,(1+0)+0=?,1,0,0,21,96db88897856c57e55e50c2bd0f497fb26798c9ecb813e958982b4baa2102137
steps,8,14,2,(1+0)+0=?,1,0,0,21,96db88897856c57e55e50c2bd0f497fb26798c9ecb813e958982b4baa2102137
steps,8,14,3,(1+0)+0=?,1,0,0,21,96db88897856c57e55e50c2bd0f497fb26798c9ecb813e958982b4baa2102137
steps,8,14,4,(1+0)+0=?,1,4,0,21,4b36f001841cb074d7ba8c3f9c6db7edec2d5ff920d3c149255fe18391a8e6a6
steps,8,14,5,(1+0)+0=?,1,4,0,21,4b36f001841cb074d7ba8c3f9c6db7edec2d5ff920d3c149255fe18391a8e6a6
steps,8,14,6,(1+0)+0=?,1,0,0,21,96db88897856c57e55e50c2bd0f497fb26798c9ecb813e958982b4baa2102137
steps,8,14,7,(1+0)+0=?,1,4,0,21,4b36f001841cb074d7ba8c3f9c6db7edec2d5ff920d3c149255fe18391a8e6a6
steps,8,15,0,(0+1)+2=?,3,4,0,21,a9586f80bb688a29b75502c78656dff4b34b14108c9e98e07cabc634b87f6bc2
steps,8,15,1,(0+1)+2=?,3,4,0,21,a9586f80bb688a29b75502c78656dff4b34b14108c9e98e07cabc634b87f6bc2
steps,8,15,2,(0+1)+2=?,3,4,0,21,a9586f80bb688a29b75502c78656dff4b34b14108c9e98e07cabc634b87f6bc2
steps,8,15,3,(0+1)+2=?,3,4,0,21,a9586f80bb688a29b75502c78656dff4b34b14108c9e98e07cabc634b87f6bc2
steps,8,15,4,(0+1)+2=?,3,4,0,21,a9586f80bb688a29b75502c78656dff4b34b14108c9e98e07cabc634b87f6bc2
steps,8,15,5,(0+1)+2=?,3,4,0,21,a9586f80bb688a29b75502c78656dff4b34b14108c9e98e07cabc634b87f6bc2
steps,8,15,6,(0+1)+2=?,3,4,0,21,a9586f80bb688a29b75502c78656dff4b34b14108c9e98e07cabc634b87f6bc2
steps,8,15,7,(0+1)+2=?,3,4,0,21,a9586f80bb688a29b75502c78656dff4b34b14108c9e98e07cabc634b87f6bc2
steps,8,16,0,(0+2)+1=?,3,3,1,21,24e62d0c81eac2dbf950903236862c8c567018e3e2c330f7ee09ae66b6446728
steps,8,16,1,(0+2)+1=?,3,3,1,21,24e62d0c81eac2dbf950903236862c8c567018e3e2c330f7ee09ae66b6446728
steps,8,16,2,(0+2)+1=?,3,3,1,21,24e62d0c81eac2dbf950903236862c8c567018e3e2c330f7ee09ae66b6446728
steps,8,16,3,(0+2)+1=?,3,3,1,21,24e62d0c81eac2dbf950903236862c8c567018e3e2c330f7ee09ae66b6446728
steps,8,16,4,(0+2)+1=?,3,3,1,21,24e62d0c81eac2dbf950903236862c8c567018e3e2c330f7ee09ae66b6446728
steps,8,16,5,(0+2)+1=?,3,3,1,21,24e62d0c81eac2dbf950903236862c8c567018e3e2c330f7ee09ae66b6446728
steps,8,16,6,(0+2)+1=?,3,3,1,21,24e62d0c81eac2dbf950903236862c8c567018e3e2c330f7ee09ae66b6446728
steps,8,16,7,(0+2)+1=?,3,3,1,21,24e62d0c81eac2dbf950903236862c8c567018e3e2c330f7ee09ae66b6446728
steps,8,17,0,(1+0)+2=?,3,4,0,21,15509a3fe46e0d1b5904f20abc04dee082e1d224e06bb1fc7cc67914e1c46f5a
steps,8,17,1,(1+0)+2=?,3,4,0,21,15509a3fe46e0d1b5904f20abc04dee082e1d224e06bb1fc7cc67914e1c46f5a
steps,8,17,2,(1+0)+2=?,3,4,0,21,15509a3fe46e0d1b5904f20abc04dee082e1d224e06bb1fc7cc67914e1c46f5a
steps,8,17,3,(1+0)+2=?,3,4,0,21,15509a3fe46e0d1b5904f20abc04dee082e1d224e06bb1fc7cc67914e1c46f5a
steps,8,17,4,(1+0)+2=?,3,4,0,21,15509a3fe46e0d1b5904f20abc04dee082e1d224e06bb1fc7cc67914e1c46f5a
steps,8,17,5,(1+0)+2=?,3,4,0,21,15509a3fe46e0d1b5904f20abc04dee082e1d224e06bb1fc7cc67914e1c46f5a
steps,8,17,6,(1+0)+2=?,3,4,0,21,15509a3fe46e0d1b5904f20abc04dee082e1d224e06bb1fc7cc67914e1c46f5a
steps,8,17,7,(1+0)+2=?,3,4,0,21,15509a3fe46e0d1b5904f20abc04dee082e1d224e06bb1fc7cc67914e1c46f5a
steps,8,18,0,(1+2)+0=?,3,3,1,21,4bf7a3c310fd3907b3710fe395907d7d42b96e00bff59d4c33a9bce23010db55
steps,8,18,1,(1+2)+0=?,3,3,1,21,4bf7a3c310fd3907b3710fe395907d7d42b96e00bff59d4c33a9bce23010db55
steps,8,18,2,(1+2)+0=?,3,3,1,21,4bf7a3c310fd3907b3710fe395907d7d42b96e00bff59d4c33a9bce23010db55
steps,8,18,3,(1+2)+0=?,3,3,1,21,4bf7a3c310fd3907b3710fe395907d7d42b96e00bff59d4c33a9bce23010db55
steps,8,18,4,(1+2)+0=?,3,3,1,21,4bf7a3c310fd3907b3710fe395907d7d42b96e00bff59d4c33a9bce23010db55
steps,8,18,5,(1+2)+0=?,3,3,1,21,4bf7a3c310fd3907b3710fe395907d7d42b96e00bff59d4c33a9bce23010db55
steps,8,18,6,(1+2)+0=?,3,3,1,21,4bf7a3c310fd3907b3710fe395907d7d42b96e00bff59d4c33a9bce23010db55
steps,8,18,7,(1+2)+0=?,3,3,1,21,4bf7a3c310fd3907b3710fe395907d7d42b96e00bff59d4c33a9bce23010db55
steps,8,19,0,(2+0)+1=?,3,3,1,21,4b29a9342682e830f0eb31c0d41362624755fc879cc3095ce8eb1fbf453277f6
steps,8,19,1,(2+0)+1=?,3,3,1,21,4b29a9342682e830f0eb31c0d41362624755fc879cc3095ce8eb1fbf453277f6
steps,8,19,2,(2+0)+1=?,3,3,1,21,4b29a9342682e830f0eb31c0d41362624755fc879cc3095ce8eb1fbf453277f6
steps,8,19,3,(2+0)+1=?,3,3,1,21,4b29a9342682e830f0eb31c0d41362624755fc879cc3095ce8eb1fbf453277f6
steps,8,19,4,(2+0)+1=?,3,3,1,21,4b29a9342682e830f0eb31c0d41362624755fc879cc3095ce8eb1fbf453277f6
steps,8,19,5,(2+0)+1=?,3,3,1,21,4b29a9342682e830f0eb31c0d41362624755fc879cc3095ce8eb1fbf453277f6
steps,8,19,6,(2+0)+1=?,3,3,1,21,4b29a9342682e830f0eb31c0d41362624755fc879cc3095ce8eb1fbf453277f6
steps,8,19,7,(2+0)+1=?,3,3,1,21,4b29a9342682e830f0eb31c0d41362624755fc879cc3095ce8eb1fbf453277f6
steps,8,20,0,(2+1)+0=?,3,3,1,21,d89c03c7541b2a22b5c59ed58c3dde56c9fcfaf4b4168e1bf5acfb60f0540633
steps,8,20,1,(2+1)+0=?,3,3,1,21,d89c03c7541b2a22b5c59ed58c3dde56c9fcfaf4b4168e1bf5acfb60f0540633
steps,8,20,2,(2+1)+0=?,3,3,1,21,d89c03c7541b2a22b5c59ed58c3dde56c9fcfaf4b4168e1bf5acfb60f0540633
steps,8,20,3,(2+1)+0=?,3,3,1,21,d89c03c7541b2a22b5c59ed58c3dde56c9fcfaf4b4168e1bf5acfb60f0540633
steps,8,20,4,(2+1)+0=?,3,3,1,21,d89c03c7541b2a22b5c59ed58c3dde56c9fcfaf4b4168e1bf5acfb60f0540633
steps,8,20,5,(2+1)+0=?,3,3,1,21,d89c03c7541b2a22b5c59ed58c3dde56c9fcfaf4b4168e1bf5acfb60f0540633
steps,8,20,6,(2+1)+0=?,3,3,1,21,d89c03c7541b2a22b5c59ed58c3dde56c9fcfaf4b4168e1bf5acfb60f0540633
steps,8,20,7,(2+1)+0=?,3,3,1,21,d89c03c7541b2a22b5c59ed58c3dde56c9fcfaf4b4168e1bf5acfb60f0540633
steps,8,21,0,(2+3)+3=?,8,9,0,21,63024c2a75b6b25b0843ccbe45e5c1310f0e8792b56da5d64e3f561a98e2efc6
steps,8,21,1,(2+3)+3=?,8,10,0,23,91808162b7552267836584ccba17f9eb9874e8ec4b150ae29b696cbad66361e7
steps,8,21,2,(2+3)+3=?,8,8,1,21,18985e179c3ac9df06ba17fe40ce6530cd11ddb3de9518955bc93c200f249f5a
steps,8,21,3,(2+3)+3=?,8,10,0,23,91808162b7552267836584ccba17f9eb9874e8ec4b150ae29b696cbad66361e7
steps,8,21,4,(2+3)+3=?,8,10,0,23,91808162b7552267836584ccba17f9eb9874e8ec4b150ae29b696cbad66361e7
steps,8,21,5,(2+3)+3=?,8,8,1,21,18985e179c3ac9df06ba17fe40ce6530cd11ddb3de9518955bc93c200f249f5a
steps,8,21,6,(2+3)+3=?,8,10,0,23,91808162b7552267836584ccba17f9eb9874e8ec4b150ae29b696cbad66361e7
steps,8,21,7,(2+3)+3=?,8,10,0,23,91808162b7552267836584ccba17f9eb9874e8ec4b150ae29b696cbad66361e7
steps,8,22,0,(3+2)+3=?,8,8,1,21,ca0c9c4dea522042a6e72f424eab8475475a39193cd6f605eb3b8328fc5a3759
steps,8,22,1,(3+2)+3=?,8,8,1,21,ca0c9c4dea522042a6e72f424eab8475475a39193cd6f605eb3b8328fc5a3759
steps,8,22,2,(3+2)+3=?,8,8,1,21,ca0c9c4dea522042a6e72f424eab8475475a39193cd6f605eb3b8328fc5a3759
steps,8,22,3,(3+2)+3=?,8,8,1,21,ca0c9c4dea522042a6e72f424eab8475475a39193cd6f605eb3b8328fc5a3759
steps,8,22,4,(3+2)+3=?,8,8,1,21,ca0c9c4dea522042a6e72f424eab8475475a39193cd6f605eb3b8328fc5a3759
steps,8,22,5,(3+2)+3=?,8,8,1,21,ca0c9c4dea522042a6e72f424eab8475475a39193cd6f605eb3b8328fc5a3759
steps,8,22,6,(3+2)+3=?,8,9,0,21,9ffabb47403c286a76697c8a8915d13a5c4b8270f875afce6195026395309a4c
steps,8,22,7,(3+2)+3=?,8,9,0,21,9ffabb47403c286a76697c8a8915d13a5c4b8270f875afce6195026395309a4c
steps,8,23,0,(3+3)+2=?,8,8,1,21,c7d98758cb738a65a949afe94644581c7578dab9b3643b241ee3be2d3f094443
steps,8,23,1,(3+3)+2=?,8,8,1,21,c7d98758cb738a65a949afe94644581c7578dab9b3643b241ee3be2d3f094443
steps,8,23,2,(3+3)+2=?,8,8,1,21,c7d98758cb738a65a949afe94644581c7578dab9b3643b241ee3be2d3f094443
steps,8,23,3,(3+3)+2=?,8,8,1,21,c7d98758cb738a65a949afe94644581c7578dab9b3643b241ee3be2d3f094443
steps,8,23,4,(3+3)+2=?,8,8,1,21,c7d98758cb738a65a949afe94644581c7578dab9b3643b241ee3be2d3f094443
steps,8,23,5,(3+3)+2=?,8,8,1,21,c7d98758cb738a65a949afe94644581c7578dab9b3643b241ee3be2d3f094443
steps,8,23,6,(3+3)+2=?,8,8,1,21,c7d98758cb738a65a949afe94644581c7578dab9b3643b241ee3be2d3f094443
steps,8,23,7,(3+3)+2=?,8,8,1,21,c7d98758cb738a65a949afe94644581c7578dab9b3643b241ee3be2d3f094443
